Workbook

Sheet لیست 
A1: رهنمود کاربرد جدول | D1: سال تعلیمی: | E1: 1404 | F1: هجري شمسي | H1: 1447 | L1: هجري قمري | N1: صنف: | P1: ( ) | S1: نگران صنف: | W1: ( ) | Z1: مکتب: | AB1: لیسه عالی ( ) | AH1: مربوط حوزه/ ولسوالی: | AM1: امریت معارف ( ) | AU1: ریاست مربوطه: | BA1: ریاست معارف ( ) | BB1: اسم و تخلص امر مکتب: | BC1: ( )
A2: https://youtu.be/7CpctKp4Fx8?si=KFc2yuxwiJChNH0C لینک ویدیو اموزشی | D2: ایام محرومی صنف مربوطه: | F2: 99 | G2: وضعیت شاگردان | H2: معذرتی | K2: بخش ثبت نمرات و ضوابط امتحان چهارونیم ماهه | AF2: بخش ثبت نمرات و ضوابط امتحان سالانه | BA2: اسم های (امر مکتب، مدیر تدریسی، سرمعلم، و هیئت سه نفری نتایج مکتب را بنوسید. | BB2: اسم و تخلص مدیر تدریسی: | BC2: ( )
A3: شماره | B3: اسم | C3: ولد | D3: ولدیت | E3: نمبر اساس | F3: نمبر تذکره | H3: چهارونیم ماهه | I3: سالانه | K3: قرانکریم | L3: دنیات | M3: دری | N3: پشتو | O3: لسان سوم | P3: انګلیسی | Q3: ریاضی | R3: ساینس | S3: اجتماعیات | T3: خط/ رسم | U3: مهارت زندگی | V3: تربیت بدنی | W3: تهذیب | X3: / | Y3: / | Z3: ایام سال تعلیمی | AA3: حاضر | AB3: غیرحاضر | AC3: مریض | AD3: رخصت | AF3: =K3 -> قرانکریم | AG3: =L3 -> دنیات | AH3: =M3 -> دری | AI3: =N3 -> پشتو | AJ3: =O3 -> لسان سوم | AK3: =P3 -> انګلیسی | AL3: =Q3 -> ریاضی | AM3: =R3 -> ساینس | ... AY3: =AD3 -> رخصت | BA3: ملاحظات شاگردان | BB3: اسم و تخلص سرمعلم مربوطه | BC3: ( )
BB4: اسم های هیئت سه نفری نتایج مکتب
A5: =ROW()-4 -> 1 | BB5: هیئت 1 | BC5: ( )
A6: =ROW()-4 -> 2
A7: =ROW()-4 -> 3 | BB7: هیئت 2 | BC7: ( )
A8: =ROW()-4 -> 4 | BB8: هیئت 3 | BC8: ( )
A9: =ROW()-4 -> 5
A10: =ROW()-4 -> 6
A11: =ROW()-4 -> 7
A12: =ROW()-4 -> 8
A13: =ROW()-4 -> 9
A14: =ROW()-4 -> 10
A15: =ROW()-4 -> 11
A16: =ROW()-4 -> 12
A17: =ROW()-4 -> 13
A18: =ROW()-4 -> 14
A19: =ROW()-4 -> 15
A20: =ROW()-4 -> 16
... A103: =ROW()-4 -> 99

Sheet شقه
A1: امضاء مدیر مکتب | H1: =AE1 -> وزارت معارف | S1: امضاء نګران | X1: امضاء مدیر مکتب | AE1: وزارت معارف | AP1: امضاء نګران
H2: =AE2 -> #REF! | AE2: =#REF! -> #REF!
A3: امضاء عضو نظارت | H3: =AE3 -> #REF! | S3: امضاء سرمعلم | X3: امضاء عضو نظارت | AE3: =#REF! -> #REF! | AP3: امضاء سرمعلم
A4: =X4 -> #REF! | D4: =AA4 -> تاریخ | H4: =AE4 -> #REF! | X4: =#REF! -> #REF! | AA4: =AA5 -> تاریخ | AE4: =#REF! -> #REF!
A5: =X5 -> #REF! | D5: 2 | E5: A1002 | F5: 2006-02-15 | G5: Male | H5: مضمون | N5: ممتحن | P5: =AM5 -> #REF! | S5: =AP5 -> صنف: | V5: =AS5 -> امتحان: | X5: =#REF! -> #REF! | AA5: تاریخ | AC5: ضوابط حاضری | AG5: =#REF! -> #REF! | AK5: نگران | AM5: =#REF! -> #REF! | AP5: صنف: | AS5: امتحان:
D6: 104 | E6: A2004 | F6: 2007-04-18 | G6: Male
A7: ملاحظات | D7: 105 | E7: A2005 | F7: 2007-07-30 | G7: Female | K7: شماره | M7: ملاحظات | N7: مجموعه | O7: کار خانگی | P7: فعالیت صنفی | Q7: تقریری/عملی | R7: تحریری | S7: شهرت | W7: شماره | X7: ملاحظات | Y7: ایام سال تعلیمی | Z7: رخصت | AA7: مریض | AB7: غیر حاضر | AC7: حاضر | AD7: شهرت | AH7: شماره | AJ7: ملاحظات | AK7: ایام سال تعلیمی | AL7: رخصت | AM7: مریض | AN7: غیر حاضر | AO7: حاضر | AP7: شهرت | AT7: شماره
G8: ولد | I8: اسم | S8: ولد | U8: اسم | AD8: ولد | AF8: اسم | AP8: ولد | AR8: اسم
G10: =AD10 | I10: =AF10 | K10: 42 | S10: =AP10 | U10: =AR10 | W10: 1 | AD10: ='لیست '!C46 | AF10: ='لیست '!B46 | AH10: 42 | AP10: ='لیست '!C5 | AR10: ='لیست '!B5 | AT10: 1
G11: =AD11 | I11: =AF11 | K11: 43 | S11: =AP11 | U11: =AR11 | W11: 2 | AD11: ='لیست '!C47 | AF11: ='لیست '!B47 | AH11: 43 | AP11: ='لیست '!C6 | AR11: ='لیست '!B6 | AT11: 2
G12: =AD12 | I12: =AF12 | K12: 44 | S12: =AP12 | U12: =AR12 | W12: 3 | AD12: ='لیست '!C48 | AF12: ='لیست '!B48 | AH12: 44 | AP12: ='لیست '!C7 | AR12: ='لیست '!B7 | AT12: 3
G13: =AD13 | I13: =AF13 | K13: 45 | S13: =AP13 | U13: =AR13 | W13: 4 | AD13: ='لیست '!C49 | AF13: ='لیست '!B49 | AH13: 45 | AP13: ='لیست '!C8 | AR13: ='لیست '!B8 | AT13: 4
G14: =AD14 | I14: =AF14 | K14: 46 | S14: =AP14 | U14: =AR14 | W14: 5 | AD14: ='لیست '!C50 | AF14: ='لیست '!B50 | AH14: 46 | AP14: ='لیست '!C9 | AR14: ='لیست '!B9 | AT14: 5
G15: =AD15 | I15: =AF15 | K15: 47 | S15: =AP15 | U15: =AR15 | W15: 6 | AD15: ='لیست '!C51 | AF15: ='لیست '!B51 | AH15: 47 | AP15: ='لیست '!C10 | AR15: ='لیست '!B10 | AT15: 6
G16: =AD16 | I16: =AF16 | K16: 48 | S16: =AP16 | U16: =AR16 | W16: 7 | AD16: ='لیست '!C52 | AF16: ='لیست '!B52 | AH16: 48 | AP16: ='لیست '!C11 | AR16: ='لیست '!B11 | AT16: 7
G17: =AD17 | I17: =AF17 | K17: 49 | S17: =AP17 | U17: =AR17 | W17: 8 | AD17: ='لیست '!C53 | AF17: ='لیست '!B53 | AH17: 49 | AP17: ='لیست '!C12 | AR17: ='لیست '!B12 | AT17: 8
G18: =AD18 | I18: =AF18 | K18: 50 | S18: =AP18 | U18: =AR18 | W18: 9 | AD18: ='لیست '!C54 | AF18: ='لیست '!B54 | AH18: 50 | AP18: ='لیست '!C13 | AR18: ='لیست '!B13 | AT18: 9
G19: =AD19 | I19: =AF19 | K19: 51 | S19: =AP19 | U19: =AR19 | W19: 10 | AD19: ='لیست '!C55 | AF19: ='لیست '!B55 | AH19: 51 | AP19: ='لیست '!C14 | AR19: ='لیست '!B14 | AT19: 10
G20: =AD20 | I20: =AF20 | K20: 52 | S20: =AP20 | U20: =AR20 | W20: 11 | AD20: ='لیست '!C56 | AF20: ='لیست '!B56 | AH20: 52 | AP20: ='لیست '!C15 | AR20: ='لیست '!B15 | AT20: 11
G21: =AD21 | I21: =AF21 | K21: 53 | S21: =AP21 | U21: =AR21 | W21: 12 | AD21: ='لیست '!C57 | AF21: ='لیست '!B57 | AH21: 53 | AP21: ='لیست '!C16 | AR21: ='لیست '!B16 | AT21: 12
... G50: =AD50 | I50: =AF50 | K50: 82 | S50: =AP50 | U50: =AR50 | W50: 41 | AD50: ='لیست '!C86 | AF50: ='لیست '!B86 | AH50: 82 | AP50: ='لیست '!C45 | AR50: ='لیست '!B45 | AT50: 41
A51: از روی اوراق امتحان شاگردان درج شقه هذا گردیده بدون قلم خوردگی و تراش به اداره محترم تسلیم است . | Q51: ( ) | T51: قرار شرح فوق نمرات مضمون | X51: قرار شرح فوق ضوابط حاضری امتحان ( ) از روی حاضری یومیه درج شقه هذا گردیده بدون قلم خوردگی و تراش به اداره محترم تسلیم است. امضاء نگران
B52: ( ) | E52: غایب/ محروم | J52: ( ) | L52: شامل امتحان | S52: ( ) | U52: تعداد داخله | X52: را با حاضری یومیه و عمومی تطبیق نمودیم، که از ان جمله | AH52: =AM5 -> #REF! | AK52: مایان هئیت سه نفری ضوابط حاضری امتحان ( ) صنف
X53: صحت است. | AE53: ( ) | AG53: غایب/ محروم | AJ53: ( ) | AL53: شامل امتحان | AP53: ( ) | AR53: تعداد داخله
A54: امضاء ممیز ( ) امضاء ممتحن ( ) | X54: ( ) | AA54: امضاء و اسم هیئت سوم | AE54: ( ) | AG54: امضاء و اسم هیئت دوم | AL54: ( ) | AR54: امضاء و اسم هیئت اول
