Workbook

Sheet لیست 
A1: رهنمود کاربرد جدول | D1: سال تعلیمی: | E1: 1404 | F1: هجري شمسي | H1: 1447 | L1: هجري قمري | N1: صنف: | P1: ( ) | S1: نگران صنف: | W1: ( ) | Z1: مکتب: | AB1: لیسه عالی ( ) | AH1: مربوط حوزه/ ولسوالی: | AM1: امریت معارف ( ) | AU1: ریاست مربوطه: | BA1: ریاست معارف ( ) | BB1: اسم و تخلص امر مکتب: | BC1: ( )
A2: https://youtu.be/7CpctKp4Fx8?si=KFc2yuxwiJChNH0C لینک ویدیو اموزشی | D2: ایام محرومی صنف مربوطه: | F2: 99 | G2: وضعیت شاگردان | H2: معذرتی | K2: بخش ثبت نمرات و ضوابط امتحان چهارونیم ماهه | AF2: بخش ثبت نمرات و ضوابط امتحان سالانه | BA2: اسم های (امر مکتب، مدیر تدریسی، سرمعلم، و هیئت سه نفری نتایج مکتب را بنوسید. | BB2: اسم و تخلص مدیر تدریسی: | BC2: ( )
A3: شماره | B3: اسم | C3: ولد | D3: ولدیت | E3: نمبر اساس | F3: نمبر تذکره | H3: چهارونیم ماهه | I3: سالانه | K3: قرانکریم | L3: دنیات | M3: دری | N3: پشتو | O3: لسان سوم | P3: انګلیسی | Q3: ریاضی | R3: ساینس | S3: اجتماعیات | T3: خط/ رسم | U3: مهارت زندگی | V3: تربیت بدنی | W3: تهذیب | X3: / | Y3: / | Z3: ایام سال تعلیمی | AA3: حاضر | AB3: غیرحاضر | AC3: مریض | AD3: رخصت | AF3: =K3 -> قرانکریم | AG3: =L3 -> دنیات | AH3: =M3 -> دری | AI3: =N3 -> پشتو | AJ3: =O3 -> لسان سوم | AK3: =P3 -> انګلیسی | AL3: =Q3 -> ریاضی | AM3: =R3 -> ساینس | ... AY3: =AD3 -> رخصت | BA3: ملاحظات شاگردان | BB3: اسم و تخلص سرمعلم مربوطه | BC3: ( )
BB4: اسم های هیئت سه نفری نتایج مکتب
A5: =ROW()-4 -> 1 | BB5: هیئت 1 | BC5: ( )
A6: =ROW()-4 -> 2
A7: =ROW()-4 -> 3 | BB7: هیئت 2 | BC7: ( )
A8: =ROW()-4 -> 4 | BB8: هیئت 3 | BC8: ( )
A9: =ROW()-4 -> 5
A10: =ROW()-4 -> 6
A11: =ROW()-4 -> 7
A12: =ROW()-4 -> 8
A13: =ROW()-4 -> 9
A14: =ROW()-4 -> 10
A15: =ROW()-4 -> 11
A16: =ROW()-4 -> 12
A17: =ROW()-4 -> 13
A18: =ROW()-4 -> 14
A19: =ROW()-4 -> 15
A20: =ROW()-4 -> 16
... A103: =ROW()-4 -> 99

Sheet شقه
A1: امضاء مدیر مکتب | H1: =AE1 -> وزارت معارف | S1: امضاء نګران | X1: امضاء مدیر مکتب | AE1: وزارت معارف | AP1: امضاء نګران
H2: =AE2 -> ریاست معارف ( ) | AE2: ='جدول نتایج '!G3 -> ریاست معارف ( )
A3: امضاء عضو نظارت | H3: =AE3 -> امریت معارف ( ) | S3: امضاء سرمعلم | X3: امضاء عضو نظارت | AE3: ='جدول نتایج '!G5 -> امریت معارف ( ) | AP3: امضاء سرمعلم
A4: =X4 -> 1447 | D4: =AA4 -> تاریخ | H4: =AE4 -> لیسه عالی ( ) | X4: ='جدول نتایج '!L8 -> 1447 | AA4: =AA5 -> تاریخ | AE4: ='جدول نتایج '!G7 -> لیسه عالی ( )
A5: =X5 -> 1404 | D5: =AA5 -> تاریخ | H5: مضمون | N5: ممتحن | P5: =AM5 -> ( ) | S5: =AP5 -> صنف: | V5: =AS5 -> امتحان: | X5: ='جدول نتایج '!H8 -> 1404 | AA5: تاریخ | AC5: ضوابط حاضری | AG5: ='جدول نتایج '!R8 -> ( ) | AK5: نگران | AM5: ='جدول نتایج '!C8 -> ( ) | AP5: صنف: | AS5: امتحان:
A7: ملاحظات | B7: مجموعه | C7: کار خانگی | D7: فعالیت صنفی | E7: تقریری/عملی | F7: تحریری | G7: شهرت | K7: شماره | M7: ملاحظات | N7: مجموعه | O7: کار خانگی | P7: فعالیت صنفی | Q7: تقریری/عملی | R7: تحریری | S7: شهرت | W7: شماره | X7: ملاحظات | Y7: ایام سال تعلیمی | Z7: رخصت | AA7: مریض | AB7: غیر حاضر | AC7: حاضر | AD7: شهرت | AH7: شماره | AJ7: ملاحظات | AK7: ایام سال تعلیمی | AL7: رخصت | AM7: مریض | AN7: غیر حاضر | AO7: حاضر | AP7: شهرت | AT7: شماره
G8: ولد | I8: اسم | S8: ولد | U8: اسم | AD8: ولد | AF8: اسم | AP8: ولد | AR8: اسم
G10: =AD10 -> 0 | I10: =AF10 -> 0 | K10: 42 | S10: =AP10 -> 0 | U10: =AR10 -> 0 | W10: 1 | AD10: ='لیست '!C46 -> 0 | AF10: ='لیست '!B46 -> 0 | AH10: 42 | AP10: ='لیست '!C5 -> 0 | AR10: ='لیست '!B5 -> 0 | AT10: 1
G11: =AD11 -> 0 | I11: =AF11 -> 0 | K11: 43 | S11: =AP11 -> 0 | U11: =AR11 -> 0 | W11: 2 | AD11: ='لیست '!C47 -> 0 | AF11: ='لیست '!B47 -> 0 | AH11: 43 | AP11: ='لیست '!C6 -> 0 | AR11: ='لیست '!B6 -> 0 | AT11: 2
G12: =AD12 -> 0 | I12: =AF12 -> 0 | K12: 44 | S12: =AP12 -> 0 | U12: =AR12 -> 0 | W12: 3 | AD12: ='لیست '!C48 -> 0 | AF12: ='لیست '!B48 -> 0 | AH12: 44 | AP12: ='لیست '!C7 -> 0 | AR12: ='لیست '!B7 -> 0 | AT12: 3
G13: =AD13 -> 0 | I13: =AF13 -> 0 | K13: 45 | S13: =AP13 -> 0 | U13: =AR13 -> 0 | W13: 4 | AD13: ='لیست '!C49 -> 0 | AF13: ='لیست '!B49 -> 0 | AH13: 45 | AP13: ='لیست '!C8 -> 0 | AR13: ='لیست '!B8 -> 0 | AT13: 4
G14: =AD14 -> 0 | I14: =AF14 -> 0 | K14: 46 | S14: =AP14 -> 0 | U14: =AR14 -> 0 | W14: 5 | AD14: ='لیست '!C50 -> 0 | AF14: ='لیست '!B50 -> 0 | AH14: 46 | AP14: ='لیست '!C9 -> 0 | AR14: ='لیست '!B9 -> 0 | AT14: 5
G15: =AD15 -> 0 | I15: =AF15 -> 0 | K15: 47 | S15: =AP15 -> 0 | U15: =AR15 -> 0 | W15: 6 | AD15: ='لیست '!C51 -> 0 | AF15: ='لیست '!B51 -> 0 | AH15: 47 | AP15: ='لیست '!C10 -> 0 | AR15: ='لیست '!B10 -> 0 | AT15: 6
G16: =AD16 -> 0 | I16: =AF16 -> 0 | K16: 48 | S16: =AP16 -> 0 | U16: =AR16 -> 0 | W16: 7 | AD16: ='لیست '!C52 -> 0 | AF16: ='لیست '!B52 -> 0 | AH16: 48 | AP16: ='لیست '!C11 -> 0 | AR16: ='لیست '!B11 -> 0 | AT16: 7
G17: =AD17 -> 0 | I17: =AF17 -> 0 | K17: 49 | S17: =AP17 -> 0 | U17: =AR17 -> 0 | W17: 8 | AD17: ='لیست '!C53 -> 0 | AF17: ='لیست '!B53 -> 0 | AH17: 49 | AP17: ='لیست '!C12 -> 0 | AR17: ='لیست '!B12 -> 0 | AT17: 8
G18: =AD18 -> 0 | I18: =AF18 -> 0 | K18: 50 | S18: =AP18 -> 0 | U18: =AR18 -> 0 | W18: 9 | AD18: ='لیست '!C54 -> 0 | AF18: ='لیست '!B54 -> 0 | AH18: 50 | AP18: ='لیست '!C13 -> 0 | AR18: ='لیست '!B13 -> 0 | AT18: 9
G19: =AD19 -> 0 | I19: =AF19 -> 0 | K19: 51 | S19: =AP19 -> 0 | U19: =AR19 -> 0 | W19: 10 | AD19: ='لیست '!C55 -> 0 | AF19: ='لیست '!B55 -> 0 | AH19: 51 | AP19: ='لیست '!C14 -> 0 | AR19: ='لیست '!B14 -> 0 | AT19: 10
G20: =AD20 -> 0 | I20: =AF20 -> 0 | K20: 52 | S20: =AP20 -> 0 | U20: =AR20 -> 0 | W20: 11 | AD20: ='لیست '!C56 -> 0 | AF20: ='لیست '!B56 -> 0 | AH20: 52 | AP20: ='لیست '!C15 -> 0 | AR20: ='لیست '!B15 -> 0 | AT20: 11
G21: =AD21 -> 0 | I21: =AF21 -> 0 | K21: 53 | S21: =AP21 -> 0 | U21: =AR21 -> 0 | W21: 12 | AD21: ='لیست '!C57 -> 0 | AF21: ='لیست '!B57 -> 0 | AH21: 53 | AP21: ='لیست '!C16 -> 0 | AR21: ='لیست '!B16 -> 0 | AT21: 12
... G50: =AD50 -> 0 | I50: =AF50 -> 0 | K50: 82 | S50: =AP50 -> 0 | U50: =AR50 -> 0 | W50: 41 | AD50: ='لیست '!C86 -> 0 | AF50: ='لیست '!B86 -> 0 | AH50: 82 | AP50: ='لیست '!C45 -> 0 | AR50: ='لیست '!B45 -> 0 | AT50: 41
A51: از روی اوراق امتحان شاگردان درج شقه هذا گردیده بدون قلم خوردگی و تراش به اداره محترم تسلیم است . | Q51: ( ) | T51: قرار شرح فوق نمرات مضمون | X51: قرار شرح فوق ضوابط حاضری امتحان ( ) از روی حاضری یومیه درج شقه هذا گردیده بدون قلم خوردگی و تراش به اداره محترم تسلیم است. امضاء نگران
B52: ( ) | E52: غایب/ محروم | J52: ( ) | L52: شامل امتحان | S52: ( ) | U52: تعداد داخله | X52: را با حاضری یومیه و عمومی تطبیق نمودیم، که از ان جمله | AH52: =AM5 -> ( ) | AK52: مایان هئیت سه نفری ضوابط حاضری امتحان ( ) صنف
X53: صحت است. | AE53: ( ) | AG53: غایب/ محروم | AJ53: ( ) | AL53: شامل امتحان | AP53: ( ) | AR53: تعداد داخله
A54: امضاء ممیز ( ) امضاء ممتحن ( ) | X54: ( ) | AA54: امضاء و اسم هیئت سوم | AE54: ( ) | AG54: امضاء و اسم هیئت دوم | AL54: ( ) | AR54: امضاء و اسم هیئت اول

Sheet جدول نتایج 
A1: امضاء نګران: | G1: وزارت معارف | T1: الف | W1: خلص نتایج چهارونیم ماهه | AA1: خلص نتایج سالانه | AI1: =$G$1 -> وزارت معارف | AY1: خلص نتایج چهارونیم ماهه | BC1: خلص نتایج سالانه | BK1: =$G$1 -> وزارت معارف | CA1: خلص نتایج چهارونیم ماهه | CE1: خلص نتایج سالانه | CM1: =$G$1 -> وزارت معارف | DC1: خلص نتایج چهارونیم ماهه | DG1: خلص نتایج سالانه | DO1: =$G$1 -> وزارت معارف | EE1: خلص نتایج چهارونیم ماهه | EI1: خلص نتایج سالانه | EQ1: =$G$1 -> وزارت معارف | FG1: خلص نتایج چهارونیم ماهه | FK1: خلص نتایج سالانه | FS1: =$G$1 -> وزارت معارف | GI1: خلص نتایج چهارونیم ماهه | GM1: خلص نتایج سالانه | GU1: =$G$1 -> وزارت معارف | HK1: خلص نتایج چهارونیم ماهه | HO1: خلص نتایج سالانه | HW1: =$G$1 -> وزارت معارف | IM1: خلص نتایج چهارونیم ماهه | IQ1: خلص نتایج سالانه | IY1: =$G$1 -> وزارت معارف | JO1: خلص نتایج چهارونیم ماهه | JS1: خلص نتایج سالانه | KA1: =$G$1 -> وزارت معارف | KQ1: خلص نتایج چهارونیم ماهه | KU1: خلص نتایج سالانه | LC1: =$G$1 -> وزارت معارف | LS1: خلص نتایج چهارونیم ماهه | LW1: خلص نتایج سالانه | ME1: =$G$1 -> وزارت معارف | MU1: خلص نتایج چهارونیم ماهه | MY1: خلص نتایج سالانه | NG1: =$G$1 -> وزارت معارف | NW1: خلص نتایج چهارونیم ماهه | OA1: خلص نتایج سالانه
T2: ب | W2: تعداد داخله | Y2: =COUNTIF(13:13,"*")-2 -> 0 | AA2: تعداد داخله | AC2: =COUNTIF(13:13,"*")-2 -> 0 | AY2: تعداد داخله | BA2: =$Y$2 -> 0 | BC2: تعداد داخله | BE2: =$AC$2 -> 0 | CA2: تعداد داخله | CC2: =$Y$2 -> 0 | CE2: تعداد داخله | CG2: =$AC$2 -> 0 | DC2: تعداد داخله | DE2: =$Y$2 -> 0 | DG2: تعداد داخله | DI2: =$AC$2 -> 0 | EE2: تعداد داخله | EG2: =$Y$2 -> 0 | EI2: تعداد داخله | EK2: =$AC$2 -> 0 | FG2: تعداد داخله | FI2: =$Y$2 -> 0 | FK2: تعداد داخله | FM2: =$AC$2 -> 0 | GI2: تعداد داخله | GK2: =$Y$2 -> 0 | GM2: تعداد داخله | GO2: =$AC$2 -> 0 | HK2: تعداد داخله | HM2: =$Y$2 -> 0 | HO2: تعداد داخله | HQ2: =$AC$2 -> 0 | IM2: تعداد داخله | IO2: =$Y$2 -> 0 | IQ2: تعداد داخله | IS2: =$AC$2 -> 0 | JO2: تعداد داخله | JQ2: =$Y$2 -> 0 | JS2: تعداد داخله | JU2: =$AC$2 -> 0 | KQ2: تعداد داخله | KS2: =$Y$2 -> 0 | KU2: تعداد داخله | KW2: =$AC$2 -> 0 | LS2: تعداد داخله | LU2: =$Y$2 -> 0 | LW2: تعداد داخله | LY2: =$AC$2 -> 0 | MU2: تعداد داخله | MW2: =$Y$2 -> 0 | MY2: تعداد داخله | NA2: =$AC$2 -> 0 | NW2: تعداد داخله | NY2: =$Y$2 -> 0 | OA2: تعداد داخله | OC2: =$AC$2 -> 0
G3: ='لیست '!BA1 -> ریاست معارف ( ) | T3: ج | W3: شامل امتحان | Y3: =Y2-Y7 -> 0 | AA3: شامل امتحان | AC3: =AC2-AC8 -> 0 | AI3: =$G$3 -> ریاست معارف ( ) | AY3: شامل امتحان | BA3: =$Y$3 -> 0 | BC3: شامل امتحان | BE3: =$AC$3 -> 0 | BK3: =$G$3 -> ریاست معارف ( ) | CA3: شامل امتحان | CC3: =$Y$3 -> 0 | CE3: شامل امتحان | CG3: =$AC$3 -> 0 | CM3: =$G$3 -> ریاست معارف ( ) | DC3: شامل امتحان | DE3: =$Y$3 -> 0 | DG3: شامل امتحان | DI3: =$AC$3 -> 0 | DO3: =$G$3 -> ریاست معارف ( ) | EE3: شامل امتحان | EG3: =$Y$3 -> 0 | EI3: شامل امتحان | EK3: =$AC$3 -> 0 | EQ3: =$G$3 -> ریاست معارف ( ) | FG3: شامل امتحان | FI3: =$Y$3 -> 0 | FK3: شامل امتحان | FM3: =$AC$3 -> 0 | FS3: =$G$3 -> ریاست معارف ( ) | GI3: شامل امتحان | GK3: =$Y$3 -> 0 | GM3: شامل امتحان | GO3: =$AC$3 -> 0 | GU3: =$G$3 -> ریاست معارف ( ) | HK3: شامل امتحان | HM3: =$Y$3 -> 0 | HO3: شامل امتحان | HQ3: =$AC$3 -> 0 | HW3: =$G$3 -> ریاست معارف ( ) | IM3: شامل امتحان | IO3: =$Y$3 -> 0 | IQ3: شامل امتحان | IS3: =$AC$3 -> 0 | IY3: =$G$3 -> ریاست معارف ( ) | JO3: شامل امتحان | JQ3: =$Y$3 -> 0 | JS3: شامل امتحان | JU3: =$AC$3 -> 0 | KA3: =$G$3 -> ریاست معارف ( ) | KQ3: شامل امتحان | KS3: =$Y$3 -> 0 | KU3: شامل امتحان | KW3: =$AC$3 -> 0 | LC3: =$G$3 -> ریاست معارف ( ) | LS3: شامل امتحان | LU3: =$Y$3 -> 0 | LW3: شامل امتحان | LY3: =$AC$3 -> 0 | ME3: =$G$3 -> ریاست معارف ( ) | MU3: شامل امتحان | MW3: =$Y$3 -> 0 | MY3: شامل امتحان | NA3: =$AC$3 -> 0 | NG3: =$G$3 -> ریاست معارف ( ) | NW3: شامل امتحان | NY3: =$Y$3 -> 0 | OA3: شامل امتحان | OC3: =$AC$3 -> 0
A4: امضاء سرمعلم: | T4: د | W4: موفق | Y4: =COUNTIF(38:38,"موفق") -> 0 | AA4: ارتقا صنف | AC4: =COUNTIF(38:38,"ارتقا صنف") -> 0 | AY4: موفق | BA4: =$Y$4 -> 0 | BC4: ارتقا صنف | BE4: =$AC$4 -> 0 | CA4: موفق | CC4: =$Y$4 -> 0 | CE4: ارتقا صنف | CG4: =$AC$4 -> 0 | DC4: موفق | DE4: =$Y$4 -> 0 | DG4: ارتقا صنف | DI4: =$AC$4 -> 0 | EE4: موفق | EG4: =$Y$4 -> 0 | EI4: ارتقا صنف | EK4: =$AC$4 -> 0 | FG4: موفق | FI4: =$Y$4 -> 0 | FK4: ارتقا صنف | FM4: =$AC$4 -> 0 | GI4: موفق | GK4: =$Y$4 -> 0 | GM4: ارتقا صنف | GO4: =$AC$4 -> 0 | HK4: موفق | HM4: =$Y$4 -> 0 | HO4: ارتقا صنف | HQ4: =$AC$4 -> 0 | IM4: موفق | IO4: =$Y$4 -> 0 | IQ4: ارتقا صنف | IS4: =$AC$4 -> 0 | JO4: موفق | JQ4: =$Y$4 -> 0 | JS4: ارتقا صنف | JU4: =$AC$4 -> 0 | KQ4: موفق | KS4: =$Y$4 -> 0 | KU4: ارتقا صنف | KW4: =$AC$4 -> 0 | LS4: موفق | LU4: =$Y$4 -> 0 | LW4: ارتقا صنف | LY4: =$AC$4 -> 0 | MU4: موفق | MW4: =$Y$4 -> 0 | MY4: ارتقا صنف | NA4: =$AC$4 -> 0 | NW4: موفق | NY4: =$Y$4 -> 0 | OA4: ارتقا صنف | OC4: =$AC$4 -> 0
G5: ='لیست '!AM1 -> امریت معارف ( ) | T5: هـ | W5: تلاش بیشتر | Y5: =COUNTIF(38:38,"تلاش بیشتر") -> 0 | AA5: تکرار صنف | AC5: =COUNTIF(38:38,"تکرار صنف") -> 0 | AI5: =$G$5 -> امریت معارف ( ) | AY5: تلاش بیشتر | BA5: =$Y$5 -> 0 | BC5: تکرار صنف | BE5: =$AC$5 -> 0 | BK5: =$G$5 -> امریت معارف ( ) | CA5: تلاش بیشتر | CC5: =$Y$5 -> 0 | CE5: تکرار صنف | CG5: =$AC$5 -> 0 | CM5: =$G$5 -> امریت معارف ( ) | DC5: تلاش بیشتر | DE5: =$Y$5 -> 0 | DG5: تکرار صنف | DI5: =$AC$5 -> 0 | DO5: =$G$5 -> امریت معارف ( ) | EE5: تلاش بیشتر | EG5: =$Y$5 -> 0 | EI5: تکرار صنف | EK5: =$AC$5 -> 0 | EQ5: =$G$5 -> امریت معارف ( ) | FG5: تلاش بیشتر | FI5: =$Y$5 -> 0 | FK5: تکرار صنف | FM5: =$AC$5 -> 0 | FS5: =$G$5 -> امریت معارف ( ) | GI5: تلاش بیشتر | GK5: =$Y$5 -> 0 | GM5: تکرار صنف | GO5: =$AC$5 -> 0 | GU5: =$G$5 -> امریت معارف ( ) | HK5: تلاش بیشتر | HM5: =$Y$5 -> 0 | HO5: تکرار صنف | HQ5: =$AC$5 -> 0 | HW5: =$G$5 -> امریت معارف ( ) | IM5: تلاش بیشتر | IO5: =$Y$5 -> 0 | IQ5: تکرار صنف | IS5: =$AC$5 -> 0 | IY5: =$G$5 -> امریت معارف ( ) | JO5: تلاش بیشتر | JQ5: =$Y$5 -> 0 | JS5: تکرار صنف | JU5: =$AC$5 -> 0 | KA5: =$G$5 -> امریت معارف ( ) | KQ5: تلاش بیشتر | KS5: =$Y$5 -> 0 | KU5: تکرار صنف | KW5: =$AC$5 -> 0 | LC5: =$G$5 -> امریت معارف ( ) | LS5: تلاش بیشتر | LU5: =$Y$5 -> 0 | LW5: تکرار صنف | LY5: =$AC$5 -> 0 | ME5: =$G$5 -> امریت معارف ( ) | MU5: تلاش بیشتر | MW5: =$Y$5 -> 0 | MY5: تکرار صنف | NA5: =$AC$5 -> 0 | NG5: =$G$5 -> امریت معارف ( ) | NW5: تلاش بیشتر | NY5: =$Y$5 -> 0 | OA5: تکرار صنف | OC5: =$AC$5 -> 0
W6: معذ رتی | Y6: =COUNTIF(38:38,"معذرتي") -> 0 | AA6: مشروط | AC6: =COUNTIF(38:38,"مشروط") -> 0 | AY6: معذرتی | BA6: =$Y$6 -> 0 | BC6: مشروط | BE6: =$AC$6 -> 0 | CA6: معذرتی | CC6: =$Y$6 -> 0 | CE6: مشروط | CG6: =$AC$6 -> 0 | DC6: معذرتی | DE6: =$Y$6 -> 0 | DG6: مشروط | DI6: =$AC$6 -> 0 | EE6: معذرتی | EG6: =$Y$6 -> 0 | EI6: مشروط | EK6: =$AC$6 -> 0 | FG6: معذرتی | FI6: =$Y$6 -> 0 | FK6: مشروط | FM6: =$AC$6 -> 0 | GI6: معذرتی | GK6: =$Y$6 -> 0 | GM6: مشروط | GO6: =$AC$6 -> 0 | HK6: معذرتی | HM6: =$Y$6 -> 0 | HO6: مشروط | HQ6: =$AC$6 -> 0 | IM6: معذرتی | IO6: =$Y$6 -> 0 | IQ6: مشروط | IS6: =$AC$6 -> 0 | JO6: معذرتی | JQ6: =$Y$6 -> 0 | JS6: مشروط | JU6: =$AC$6 -> 0 | KQ6: معذرتی | KS6: =$Y$6 -> 0 | KU6: مشروط | KW6: =$AC$6 -> 0 | LS6: معذرتی | LU6: =$Y$6 -> 0 | LW6: مشروط | LY6: =$AC$6 -> 0 | MU6: معذرتی | MW6: =$Y$6 -> 0 | MY6: مشروط | NA6: =$AC$6 -> 0 | NW6: معذرتی | NY6: =$Y$6 -> 0 | OA6: مشروط | OC6: =$AC$6 -> 0
G7: ='لیست '!AB1 -> لیسه عالی ( ) | W7: غایب | Y7: =COUNTIF(38:38,"غایب") -> 0 | AA7: معذرتی | AC7: =COUNTIF(38:38,"معذرتی") -> 0 | AI7: =$G$7 -> لیسه عالی ( ) | AY7: غایب | BA7: =$Y$7 -> 0 | BC7: معذرتی | BE7: =$AC$7 -> 0 | BK7: =$G$7 -> لیسه عالی ( ) | CA7: غایب | CC7: =$Y$7 -> 0 | CE7: معذرتی | CG7: =$AC$7 -> 0 | CM7: =$G$7 -> لیسه عالی ( ) | DC7: غایب | DE7: =$Y$7 -> 0 | DG7: معذرتی | DI7: =$AC$7 -> 0 | DO7: =$G$7 -> لیسه عالی ( ) | EE7: غایب | EG7: =$Y$7 -> 0 | EI7: معذرتی | EK7: =$AC$7 -> 0 | EQ7: =$G$7 -> لیسه عالی ( ) | FG7: غایب | FI7: =$Y$7 -> 0 | FK7: معذرتی | FM7: =$AC$7 -> 0 | FS7: =$G$7 -> لیسه عالی ( ) | GI7: غایب | GK7: =$Y$7 -> 0 | GM7: معذرتی | GO7: =$AC$7 -> 0 | GU7: =$G$7 -> لیسه عالی ( ) | HK7: غایب | HM7: =$Y$7 -> 0 | HO7: معذرتی | HQ7: =$AC$7 -> 0 | HW7: =$G$7 -> لیسه عالی ( ) | IM7: غایب | IO7: =$Y$7 -> 0 | IQ7: معذرتی | IS7: =$AC$7 -> 0 | IY7: =$G$7 -> لیسه عالی ( ) | JO7: غایب | JQ7: =$Y$7 -> 0 | JS7: معذرتی | JU7: =$AC$7 -> 0 | KA7: =$G$7 -> لیسه عالی ( ) | KQ7: غایب | KS7: =$Y$7 -> 0 | KU7: معذرتی | KW7: =$AC$7 -> 0 | LC7: =$G$7 -> لیسه عالی ( ) | LS7: غایب | LU7: =$Y$7 -> 0 | LW7: معذرتی | LY7: =$AC$7 -> 0 | ME7: =$G$7 -> لیسه عالی ( ) | MU7: غایب | MW7: =$Y$7 -> 0 | MY7: معذرتی | NA7: =$AC$7 -> 0 | NG7: =$G$7 -> لیسه عالی ( ) | NW7: غایب | NY7: =$Y$7 -> 0 | OA7: معذرتی | OC7: =$AC$7 -> 0
A8: صنف: | C8: ='لیست '!P1 -> ( ) | E8: سال تعلیمی: | H8: ='لیست '!E1 -> 1404 | J8: هـ ش | K8: ــ | L8: ='لیست '!H1 -> 1447 | N8: هـ ق | O8: نګران صنف: | R8: ='لیست '!W1 -> ( ) | AA8: محروم | AC8: =COUNTIF(38:38,"محروم")+COUNTIF(38:38,"سه پارچه") -> 0 | AE8: =$C$8 -> ( ) | AG8: سال تعلیمی: | AJ8: =$H$8 -> 1404 | AL8: هـ ش | AM8: ــ | AN8: =$L$8 -> 1447 | AP8: هـ ق | AQ8: نګران صنف: | AT8: =$R$8 -> ( ) | BC8: محروم | BE8: =$AC$8 -> 0 | BG8: =$C$8 -> ( ) | BI8: سال تعلیمی: | BL8: =$H$8 -> 1404 | BN8: هـ ش | BO8: ــ | BP8: =$L$8 -> 1447 | BR8: هـ ق | BS8: نګران صنف: | BV8: =$R$8 -> ( ) | CE8: محروم | CG8: =$AC$8 -> 0 | CI8: =$C$8 -> ( ) | CK8: سال تعلیمی: | CN8: =$H$8 -> 1404 | CP8: هـ ش | CQ8: ــ | CR8: =$L$8 -> 1447 | CT8: هـ ق | CU8: نګران صنف: | CX8: =$R$8 -> ( ) | DG8: محروم | DI8: =$AC$8 -> 0 | DK8: =$C$8 -> ( ) | DM8: سال تعلیمی: | DP8: =$H$8 -> 1404 | DR8: هـ ش | DS8: ــ | DT8: =$L$8 -> 1447 | DV8: هـ ق | DW8: نګران صنف: | DZ8: =$R$8 -> ( ) | EI8: محروم | EK8: =$AC$8 -> 0 | EM8: =$C$8 -> ( ) | EO8: سال تعلیمی: | ER8: =$H$8 -> 1404 | ET8: هـ ش | EU8: ــ | EV8: =$L$8 -> 1447 | EX8: هـ ق | EY8: نګران صنف: | FB8: =$R$8 -> ( ) | FK8: محروم | FM8: =$AC$8 -> 0 | FO8: =$C$8 -> ( ) | FQ8: سال تعلیمی: | FT8: =$H$8 -> 1404 | FV8: هـ ش | FW8: ــ | FX8: =$L$8 -> 1447 | FZ8: هـ ق | GA8: نګران صنف: | GD8: =$R$8 -> ( ) | GM8: محروم | GO8: =$AC$8 -> 0 | GQ8: =$C$8 -> ( ) | GS8: سال تعلیمی: | GV8: =$H$8 -> 1404 | GX8: هـ ش | GY8: ــ | GZ8: =$L$8 -> 1447 | HB8: هـ ق | HC8: نګران صنف: | HF8: =$R$8 -> ( ) | HO8: محروم | HQ8: =$AC$8 -> 0 | HS8: =$C$8 -> ( ) | HU8: سال تعلیمی: | HX8: =$H$8 -> 1404 | HZ8: هـ ش | IA8: ــ | IB8: =$L$8 -> 1447 | ID8: هـ ق | IE8: نګران صنف: | IH8: =$R$8 -> ( ) | IQ8: محروم | IS8: =$AC$8 -> 0 | IU8: =$C$8 -> ( ) | IW8: سال تعلیمی: | IZ8: =$H$8 -> 1404 | JB8: هـ ش | JC8: ــ | JD8: =$L$8 -> 1447 | JF8: هـ ق | JG8: نګران صنف: | JJ8: =$R$8 -> ( ) | JS8: محروم | JU8: =$AC$8 -> 0 | JW8: =$C$8 -> ( ) | JY8: سال تعلیمی: | KB8: =$H$8 -> 1404 | KD8: هـ ش | KE8: ــ | KF8: =$L$8 -> 1447 | KH8: هـ ق | KI8: نګران صنف: | KL8: =$R$8 -> ( ) | KU8: محروم | KW8: =$AC$8 -> 0 | KY8: =$C$8 -> ( ) | LA8: سال تعلیمی: | LD8: =$H$8 -> 1404 | LF8: هـ ش | LG8: ــ | LH8: =$L$8 -> 1447 | LJ8: هـ ق | LK8: نګران صنف: | LN8: =$R$8 -> ( ) | LW8: محروم | LY8: =$AC$8 -> 0 | MA8: =$C$8 -> ( ) | MC8: سال تعلیمی: | MF8: =$H$8 -> 1404 | MH8: هـ ش | MI8: ــ | MJ8: =$L$8 -> 1447 | ML8: هـ ق | MM8: نګران صنف: | MP8: =$R$8 -> ( ) | MY8: محروم | NA8: =$AC$8 -> 0 | NC8: =$C$8 -> ( ) | NE8: سال تعلیمی: | NH8: =$H$8 -> 1404 | NJ8: هـ ش | NK8: ــ | NL8: =$L$8 -> 1447 | NN8: هـ ق | NO8: نګران صنف: | NR8: =$R$8 -> ( ) | OA8: محروم | OC8: =$AC$8 -> 0
E9: ='لیست '!F2 -> 99 | I9: =$E$9 -> 99 | M9: =$E$9 -> 99 | Q9: =$E$9 -> 99 | U9: =$E$9 -> 99 | Y9: =$E$9 -> 99 | AC9: =$E$9 -> 99 | AG9: =$E$9 -> 99 | AK9: =$E$9 -> 99 | AO9: =$E$9 -> 99 | AS9: =$E$9 -> 99 | AW9: =$E$9 -> 99 | BA9: =$E$9 -> 99 | BE9: =$E$9 -> 99 | BI9: =$E$9 -> 99 | BM9: =$E$9 -> 99 | BQ9: =$E$9 -> 99 | BU9: =$E$9 -> 99 | BY9: =$E$9 -> 99 | CC9: =$E$9 -> 99 | CG9: =$E$9 -> 99 | CK9: =$E$9 -> 99 | CO9: =$E$9 -> 99 | CS9: =$E$9 -> 99 | CW9: =$E$9 -> 99 | DA9: =$E$9 -> 99 | DE9: =$E$9 -> 99 | DI9: =$E$9 -> 99 | DM9: =$E$9 -> 99 | DQ9: =$E$9 -> 99 | DU9: =$E$9 -> 99 | DY9: =$E$9 -> 99 | EC9: =$E$9 -> 99 | EG9: =$E$9 -> 99 | EK9: =$E$9 -> 99 | EO9: =$E$9 -> 99 | ES9: =$E$9 -> 99 | EW9: =$E$9 -> 99 | FA9: =$E$9 -> 99 | FE9: =$E$9 -> 99 | FI9: =$E$9 -> 99 | FM9: =$E$9 -> 99 | FQ9: =$E$9 -> 99 | FU9: =$E$9 -> 99 | FY9: =$E$9 -> 99 | GC9: =$E$9 -> 99 | GG9: =$E$9 -> 99 | GK9: =$E$9 -> 99 | GO9: =$E$9 -> 99 | GS9: =$E$9 -> 99 | GW9: =$E$9 -> 99 | HA9: =$E$9 -> 99 | HE9: =$E$9 -> 99 | HI9: =$E$9 -> 99 | HM9: =$E$9 -> 99 | HQ9: =$E$9 -> 99 | HU9: =$E$9 -> 99 | HY9: =$E$9 -> 99 | IC9: =$E$9 -> 99 | IG9: =$E$9 -> 99 | IK9: =$E$9 -> 99 | IO9: =$E$9 -> 99 | IS9: =$E$9 -> 99 | IW9: =$E$9 -> 99 | JA9: =$E$9 -> 99 | JE9: =$E$9 -> 99 | JI9: =$E$9 -> 99 | JM9: =$E$9 -> 99 | JQ9: =$E$9 -> 99 | JU9: =$E$9 -> 99 | JY9: =$E$9 -> 99 | KC9: =$E$9 -> 99 | KG9: =$E$9 -> 99 | KK9: =$E$9 -> 99 | KO9: =$E$9 -> 99 | KS9: =$E$9 -> 99 | KW9: =$E$9 -> 99 | LA9: =$E$9 -> 99 | LE9: =$E$9 -> 99 | LI9: =$E$9 -> 99 | LM9: =$E$9 -> 99 | LQ9: =$E$9 -> 99 | LU9: =$E$9 -> 99 | LY9: =$E$9 -> 99 | MC9: =$E$9 -> 99 | MG9: =$E$9 -> 99 | MK9: =$E$9 -> 99 | MO9: =$E$9 -> 99 | MS9: =$E$9 -> 99 | MW9: =$E$9 -> 99 | NA9: =$E$9 -> 99 | NE9: =$E$9 -> 99 | NI9: =$E$9 -> 99 | NM9: =$E$9 -> 99 | NQ9: =$E$9 -> 99 | NU9: =$E$9 -> 99 | NY9: =$E$9 -> 99 | OC9: =$E$9 -> 99
C10: ='لیست '!H5 -> 0 | E10: ='لیست '!I5 -> 0 | G10: ='لیست '!H6 -> 0 | I10: ='لیست '!I6 -> 0 | K10: ='لیست '!H7 -> 0 | M10: ='لیست '!I7 -> 0 | O10: ='لیست '!H8 -> 0 | Q10: ='لیست '!I8 -> 0 | S10: ='لیست '!H9 -> 0 | U10: ='لیست '!I9 -> 0 | W10: ='لیست '!H10 -> 0 | Y10: ='لیست '!I10 -> 0 | AA10: ='لیست '!H11 -> 0 | AC10: ='لیست '!I11 -> 0 | AE10: ='لیست '!H12 -> 0 | AG10: ='لیست '!I12 -> 0 | AI10: ='لیست '!H13 -> 0 | AK10: ='لیست '!I13 -> 0 | AM10: ='لیست '!H14 -> 0 | AO10: ='لیست '!I14 -> 0 | AQ10: ='لیست '!H15 -> 0 | AS10: ='لیست '!I15 -> 0 | AU10: ='لیست '!H16 -> 0 | AW10: ='لیست '!I16 -> 0 | AY10: ='لیست '!H17 -> 0 | BA10: ='لیست '!I17 -> 0 | BC10: ='لیست '!H18 -> 0 | BE10: ='لیست '!I18 -> 0 | BG10: ='لیست '!H19 -> 0 | BI10: ='لیست '!I19 -> 0 | BK10: ='لیست '!H20 -> 0 | BM10: ='لیست '!I20 -> 0 | BO10: ='لیست '!H21 -> 0 | BQ10: ='لیست '!I21 -> 0 | BS10: ='لیست '!H22 -> 0 | BU10: ='لیست '!I22 -> 0 | BW10: ='لیست '!H23 -> 0 | BY10: ='لیست '!I23 -> 0 | CA10: ='لیست '!H24 -> 0 | CC10: ='لیست '!I24 -> 0 | CE10: ='لیست '!H25 -> 0 | CG10: ='لیست '!I25 -> 0 | CI10: ='لیست '!H26 -> 0 | CK10: ='لیست '!I26 -> 0 | CM10: ='لیست '!H27 -> 0 | CO10: ='لیست '!I27 -> 0 | CQ10: ='لیست '!H28 -> 0 | CS10: ='لیست '!I28 -> 0 | CU10: ='لیست '!H29 -> 0 | CW10: ='لیست '!I29 -> 0 | CY10: ='لیست '!H30 -> 0 | DA10: ='لیست '!I30 -> 0 | DC10: ='لیست '!H31 -> 0 | DE10: ='لیست '!I31 -> 0 | DG10: ='لیست '!H32 -> 0 | DI10: ='لیست '!I32 -> 0 | DK10: ='لیست '!H33 -> 0 | DM10: ='لیست '!I33 -> 0 | DO10: ='لیست '!H34 -> 0 | DQ10: ='لیست '!I34 -> 0 | DS10: ='لیست '!H35 -> 0 | DU10: ='لیست '!I35 -> 0 | DW10: ='لیست '!H36 -> 0 | DY10: ='لیست '!I36 -> 0 | EA10: ='لیست '!H37 -> 0 | EC10: ='لیست '!I37 -> 0 | EE10: ='لیست '!H38 -> 0 | EG10: ='لیست '!I38 -> 0 | EI10: ='لیست '!H39 -> 0 | EK10: ='لیست '!I39 -> 0 | EM10: ='لیست '!H40 -> 0 | EO10: ='لیست '!I40 -> 0 | EQ10: ='لیست '!H41 -> 0 | ES10: ='لیست '!I41 -> 0 | EU10: ='لیست '!H42 -> 0 | EW10: ='لیست '!I42 -> 0 | EY10: ='لیست '!H43 -> 0 | FA10: ='لیست '!I43 -> 0 | FC10: ='لیست '!H44 -> 0 | FE10: ='لیست '!I44 -> 0 | FG10: ='لیست '!H45 -> 0 | FI10: ='لیست '!I45 -> 0 | FK10: ='لیست '!H46 -> 0 | FM10: ='لیست '!I46 -> 0 | FO10: ='لیست '!H47 -> 0 | FQ10: ='لیست '!I47 -> 0 | FS10: ='لیست '!H48 -> 0 | FU10: ='لیست '!I48 -> 0 | FW10: ='لیست '!H49 -> 0 | FY10: ='لیست '!I49 -> 0 | GA10: ='لیست '!H50 -> 0 | GC10: ='لیست '!I50 -> 0 | GE10: ='لیست '!H51 -> 0 | GG10: ='لیست '!I51 -> 0 | GI10: ='لیست '!H52 -> 0 | GK10: ='لیست '!I52 -> 0 | GM10: ='لیست '!H53 -> 0 | GO10: ='لیست '!I53 -> 0 | GQ10: ='لیست '!H54 -> 0 | GS10: ='لیست '!I54 -> 0 | GU10: ='لیست '!H55 -> 0 | GW10: ='لیست '!I55 -> 0 | GY10: ='لیست '!H56 -> 0 | HA10: ='لیست '!I56 -> 0 | HC10: ='لیست '!H57 -> 0 | HE10: ='لیست '!I57 -> 0 | HG10: ='لیست '!H58 -> 0 | HI10: ='لیست '!I58 -> 0 | HK10: ='لیست '!H59 -> 0 | HM10: ='لیست '!I59 -> 0 | HO10: ='لیست '!H60 -> 0 | HQ10: ='لیست '!I60 -> 0 | HS10: ='لیست '!H61 -> 0 | HU10: ='لیست '!I61 -> 0 | HW10: ='لیست '!H62 -> 0 | HY10: ='لیست '!I62 -> 0 | IA10: ='لیست '!H63 -> 0 | IC10: ='لیست '!I63 -> 0 | IE10: ='لیست '!H64 -> 0 | IG10: ='لیست '!I64 -> 0 | II10: ='لیست '!H65 -> 0 | IK10: ='لیست '!I65 -> 0 | IM10: ='لیست '!H66 -> 0 | IO10: ='لیست '!I66 -> 0 | IQ10: ='لیست '!H67 -> 0 | IS10: ='لیست '!I67 -> 0 | IU10: ='لیست '!H68 -> 0 | IW10: ='لیست '!I68 -> 0 | IY10: ='لیست '!H69 -> 0 | JA10: ='لیست '!I69 -> 0 | JC10: ='لیست '!H70 -> 0 | JE10: ='لیست '!I70 -> 0 | JG10: ='لیست '!H71 -> 0 | JI10: ='لیست '!I71 -> 0 | JK10: ='لیست '!H72 -> 0 | JM10: ='لیست '!I72 -> 0 | JO10: ='لیست '!H73 -> 0 | JQ10: ='لیست '!I73 -> 0 | JS10: ='لیست '!H74 -> 0 | JU10: ='لیست '!I74 -> 0 | JW10: ='لیست '!H75 -> 0 | JY10: ='لیست '!I75 -> 0 | KA10: ='لیست '!H76 -> 0 | KC10: ='لیست '!I76 -> 0 | KE10: ='لیست '!H77 -> 0 | KG10: ='لیست '!I77 -> 0 | KI10: ='لیست '!H78 -> 0 | KK10: ='لیست '!I78 -> 0 | KM10: ='لیست '!H79 -> 0 | KO10: ='لیست '!I79 -> 0 | KQ10: ='لیست '!H80 -> 0 | KS10: ='لیست '!I80 -> 0 | KU10: ='لیست '!H81 -> 0 | KW10: ='لیست '!I81 -> 0 | KY10: ='لیست '!H82 -> 0 | LA10: ='لیست '!I82 -> 0 | LC10: ='لیست '!H83 -> 0 | LE10: ='لیست '!I83 -> 0 | LG10: ='لیست '!H84 -> 0 | LI10: ='لیست '!I84 -> 0 | LK10: ='لیست '!H85 -> 0 | LM10: ='لیست '!I85 -> 0 | LO10: ='لیست '!H86 -> 0 | LQ10: ='لیست '!I86 -> 0 | LS10: ='لیست '!H87 -> 0 | LU10: ='لیست '!I87 -> 0 | LW10: ='لیست '!H88 -> 0 | LY10: ='لیست '!I88 -> 0 | MA10: ='لیست '!H89 -> 0 | MC10: ='لیست '!I89 -> 0 | ME10: ='لیست '!H90 -> 0 | MG10: ='لیست '!I90 -> 0 | MI10: ='لیست '!H91 -> 0 | MK10: ='لیست '!I91 -> 0 | MM10: ='لیست '!H92 -> 0 | MO10: ='لیست '!I92 -> 0 | MQ10: ='لیست '!H93 -> 0 | MS10: ='لیست '!I93 -> 0 | MU10: ='لیست '!H94 -> 0 | MW10: ='لیست '!I94 -> 0 | MY10: ='لیست '!H95 -> 0 | NA10: ='لیست '!I95 -> 0 | NC10: ='لیست '!H96 -> 0 | NE10: ='لیست '!I96 -> 0 | NG10: ='لیست '!H97 -> 0 | NI10: ='لیست '!I97 -> 0 | NK10: ='لیست '!H98 -> 0 | NM10: ='لیست '!I98 -> 0 | NO10: ='لیست '!H99 -> 0 | NQ10: ='لیست '!I99 -> 0 | NS10: ='لیست '!H100 -> 0 | NU10: ='لیست '!I100 -> 0 | NW10: ='لیست '!H101 -> 0 | NY10: ='لیست '!I101 -> 0 | OA10: ='لیست '!H102 -> 0 | OC10: ='لیست '!I102 -> 0
C11: تکرار صنف | G11: تکرار صنف | K11: تکرار صنف | O11: تکرار صنف | S11: تکرار صنف | W11: تکرار صنف | AA11: تکرار صنف | AE11: تکرار صنف | AI11: تکرار صنف | AM11: تکرار صنف | AQ11: تکرار صنف | AU11: تکرار صنف | AY11: تکرار صنف | BC11: تکرار صنف | BG11: تکرار صنف | BK11: تکرار صنف | BO11: تکرار صنف | BS11: تکرار صنف | BW11: تکرار صنف | CA11: تکرار صنف | CE11: تکرار صنف | CI11: تکرار صنف | CM11: تکرار صنف | CQ11: تکرار صنف | CU11: تکرار صنف | CY11: تکرار صنف | DC11: تکرار صنف | DG11: تکرار صنف | DK11: تکرار صنف | DO11: تکرار صنف | DS11: تکرار صنف | DW11: تکرار صنف | EA11: تکرار صنف | EE11: تکرار صنف | EI11: تکرار صنف | EM11: تکرار صنف | EQ11: تکرار صنف | EU11: تکرار صنف | EY11: تکرار صنف | FC11: تکرار صنف | FG11: تکرار صنف | FK11: تکرار صنف | FO11: تکرار صنف | FS11: تکرار صنف | FW11: تکرار صنف | GA11: تکرار صنف | GE11: تکرار صنف | GI11: تکرار صنف | GM11: تکرار صنف | GQ11: تکرار صنف | GU11: تکرار صنف | GY11: تکرار صنف | HC11: تکرار صنف | HG11: تکرار صنف | HK11: تکرار صنف | HO11: تکرار صنف | HS11: تکرار صنف | HW11: تکرار صنف | IA11: تکرار صنف | IE11: تکرار صنف | II11: تکرار صنف | IM11: تکرار صنف | IQ11: تکرار صنف | IU11: تکرار صنف | IY11: تکرار صنف | JC11: تکرار صنف | JG11: تکرار صنف | JK11: تکرار صنف | JO11: تکرار صنف | JS11: تکرار صنف | JW11: تکرار صنف | KA11: تکرار صنف | KE11: تکرار صنف | KI11: تکرار صنف | KM11: تکرار صنف | KQ11: تکرار صنف | KU11: تکرار صنف | KY11: تکرار صنف | LC11: تکرار صنف | LG11: تکرار صنف | LK11: تکرار صنف | LO11: تکرار صنف | LS11: تکرار صنف | LW11: تکرار صنف | MA11: تکرار صنف | ME11: تکرار صنف | MI11: تکرار صنف | MM11: تکرار صنف | MQ11: تکرار صنف | MU11: تکرار صنف | MY11: تکرار صنف | NC11: تکرار صنف | NG11: تکرار صنف | NK11: تکرار صنف | NO11: تکرار صنف | NS11: تکرار صنف | NW11: تکرار صنف | OA11: تکرار صنف
A12: شماره | C12: 1 | F12: ='لیست '!BA5 -> 0 | G12: 2 | J12: ='لیست '!BA6 -> 0 | K12: 3 | N12: ='لیست '!BA7 -> 0 | O12: 4 | R12: ='لیست '!BA8 -> 0 | S12: 5 | V12: ='لیست '!BA9 -> 0 | W12: 6 | Z12: ='لیست '!BA10 -> 0 | AA12: 7 | AD12: ='لیست '!BA11 -> 0 | AE12: 8 | AH12: ='لیست '!BA12 -> 0 | AI12: 9 | AL12: ='لیست '!BA13 -> 0 | AM12: 10 | AP12: ='لیست '!BA14 -> 0 | AQ12: 11 | AT12: ='لیست '!BA15 -> 0 | AU12: 12 | AX12: ='لیست '!BA16 -> 0 | AY12: 13 | BB12: ='لیست '!BA17 -> 0 | BC12: 14 | BF12: ='لیست '!BA18 -> 0 | BG12: 15 | BJ12: ='لیست '!BA19 -> 0 | BK12: 16 | BN12: ='لیست '!BA20 -> 0 | BO12: 17 | BR12: ='لیست '!BA21 -> 0 | BS12: 18 | BV12: ='لیست '!BA22 -> 0 | BW12: 19 | BZ12: ='لیست '!BA23 -> 0 | CA12: 20 | CD12: ='لیست '!BA24 -> 0 | CE12: 21 | CH12: ='لیست '!BA25 -> 0 | CI12: 22 | CL12: ='لیست '!BA26 -> 0 | CM12: 23 | CP12: ='لیست '!BA27 -> 0 | CQ12: 24 | CT12: ='لیست '!BA28 -> 0 | CU12: 25 | CX12: ='لیست '!BA29 -> 0 | CY12: 26 | DB12: ='لیست '!BA30 -> 0 | DC12: 27 | DF12: ='لیست '!BA31 -> 0 | DG12: 28 | DJ12: ='لیست '!BA32 -> 0 | DK12: 29 | DN12: ='لیست '!BA33 -> 0 | DO12: 30 | DR12: ='لیست '!BA34 -> 0 | DS12: 31 | DV12: ='لیست '!BA35 -> 0 | DW12: 32 | DZ12: ='لیست '!BA36 -> 0 | EA12: 33 | ED12: ='لیست '!BA37 -> 0 | EE12: 34 | EH12: ='لیست '!BA38 -> 0 | EI12: 35 | EL12: ='لیست '!BA39 -> 0 | EM12: 36 | EP12: ='لیست '!BA40 -> 0 | EQ12: 37 | ET12: ='لیست '!BA41 -> 0 | EU12: 38 | EX12: ='لیست '!BA42 -> 0 | EY12: 39 | FB12: ='لیست '!BA43 -> 0 | FC12: 40 | FF12: ='لیست '!BA44 -> 0 | FG12: 41 | FJ12: ='لیست '!BA45 -> 0 | FK12: 42 | FN12: ='لیست '!BA46 -> 0 | FO12: 43 | FR12: ='لیست '!BA47 -> 0 | FS12: 44 | FV12: ='لیست '!BA48 -> 0 | FW12: 45 | FZ12: ='لیست '!BA49 -> 0 | GA12: 46 | GD12: ='لیست '!BA50 -> 0 | GE12: 47 | GH12: ='لیست '!BA51 -> 0 | GI12: 48 | GL12: ='لیست '!BA52 -> 0 | GM12: 49 | GP12: ='لیست '!BA53 -> 0 | GQ12: 50 | GT12: ='لیست '!BA54 -> 0 | GU12: 51 | GX12: ='لیست '!BA55 -> 0 | GY12: 52 | HB12: ='لیست '!BA56 -> 0 | HC12: 53 | HF12: ='لیست '!BA57 -> 0 | HG12: 54 | HJ12: ='لیست '!BA58 -> 0 | HK12: 55 | HN12: ='لیست '!BA59 -> 0 | HO12: 56 | HR12: ='لیست '!BA60 -> 0 | HS12: 57 | HV12: ='لیست '!BA61 -> 0 | HW12: 58 | HZ12: ='لیست '!BA62 -> 0 | IA12: 59 | ID12: ='لیست '!BA63 -> 0 | IE12: 60 | IH12: ='لیست '!BA64 -> 0 | II12: 61 | IL12: ='لیست '!BA65 -> 0 | IM12: 62 | IP12: ='لیست '!BA66 -> 0 | IQ12: 63 | IT12: ='لیست '!BA67 -> 0 | IU12: 64 | IX12: ='لیست '!BA68 -> 0 | IY12: 65 | JB12: ='لیست '!BA69 -> 0 | JC12: 66 | JF12: ='لیست '!BA70 -> 0 | JG12: 67 | JJ12: ='لیست '!BA71 -> 0 | JK12: 68 | JN12: ='لیست '!BA72 -> 0 | JO12: 69 | JR12: ='لیست '!BA73 -> 0 | JS12: 70 | JV12: ='لیست '!BA74 -> 0 | JW12: 71 | JZ12: ='لیست '!BA75 -> 0 | KA12: 72 | KD12: ='لیست '!BA76 -> 0 | KE12: 73 | KH12: ='لیست '!BA77 -> 0 | KI12: 74 | KL12: ='لیست '!BA78 -> 0 | KM12: 75 | KP12: ='لیست '!BA79 -> 0 | KQ12: 76 | KT12: ='لیست '!BA80 -> 0 | KU12: 77 | KX12: ='لیست '!BA81 -> 0 | KY12: 78 | LB12: ='لیست '!BA82 -> 0 | LC12: 79 | LF12: ='لیست '!BA83 -> 0 | LG12: 80 | LJ12: ='لیست '!BA84 -> 0 | LK12: 81 | LN12: ='لیست '!BA85 -> 0 | LO12: 82 | LR12: ='لیست '!BA86 -> 0 | LS12: 83 | LV12: ='لیست '!BA87 -> 0 | LW12: 84 | LZ12: ='لیست '!BA88 -> 0 | MA12: 85 | MD12: ='لیست '!BA89 -> 0 | ME12: 86 | MH12: ='لیست '!BA90 -> 0 | MI12: 87 | ML12: ='لیست '!BA91 -> 0 | MM12: 88 | MP12: ='لیست '!BA92 -> 0 | MQ12: 89 | MT12: ='لیست '!BA93 -> 0 | MU12: 90 | MX12: ='لیست '!BA94 -> 0 | MY12: 91 | NB12: ='لیست '!BA95 -> 0 | NC12: 92 | NF12: ='لیست '!BA96 -> 0 | NG12: 93 | NJ12: ='لیست '!BA97 -> 0 | NK12: 94 | NN12: ='لیست '!BA98 -> 0 | NO12: 95 | NR12: ='لیست '!BA99 -> 0 | NS12: 96 | NV12: ='لیست '!BA100 -> 0 | NW12: 97 | NZ12: ='لیست '!BA101 -> 0 | OA12: 98 | OD12: ='لیست '!BA102 -> 0
A13: شهرت | B13: اسم | C13: ='لیست '!B5 -> 0 | G13: ='لیست '!B6 -> 0 | K13: ='لیست '!B7 -> 0 | O13: ='لیست '!B8 -> 0 | S13: ='لیست '!B9 -> 0 | W13: ='لیست '!B10 -> 0 | AA13: ='لیست '!B11 -> 0 | AE13: ='لیست '!B12 -> 0 | AI13: ='لیست '!B13 -> 0 | AM13: ='لیست '!B14 -> 0 | AQ13: ='لیست '!B15 -> 0 | AU13: ='لیست '!B16 -> 0 | AY13: ='لیست '!B17 -> 0 | BC13: ='لیست '!B18 -> 0 | BG13: ='لیست '!B19 -> 0 | BK13: ='لیست '!B20 -> 0 | BO13: ='لیست '!B21 -> 0 | BS13: ='لیست '!B22 -> 0 | BW13: ='لیست '!B23 -> 0 | CA13: ='لیست '!B24 -> 0 | CE13: ='لیست '!B25 -> 0 | CI13: ='لیست '!B26 -> 0 | CM13: ='لیست '!B27 -> 0 | CQ13: ='لیست '!B28 -> 0 | CU13: ='لیست '!B29 -> 0 | CY13: ='لیست '!B30 -> 0 | DC13: ='لیست '!B31 -> 0 | DG13: ='لیست '!B32 -> 0 | DK13: ='لیست '!B33 -> 0 | DO13: ='لیست '!B34 -> 0 | DS13: ='لیست '!B35 -> 0 | DW13: ='لیست '!B36 -> 0 | EA13: ='لیست '!B37 -> 0 | EE13: ='لیست '!B38 -> 0 | EI13: ='لیست '!B39 -> 0 | EM13: ='لیست '!B40 -> 0 | EQ13: ='لیست '!B41 -> 0 | EU13: ='لیست '!B42 -> 0 | EY13: ='لیست '!B43 -> 0 | FC13: ='لیست '!B44 -> 0 | FG13: ='لیست '!B45 -> 0 | FK13: ='لیست '!B46 -> 0 | FO13: ='لیست '!B47 -> 0 | FS13: ='لیست '!B48 -> 0 | FW13: ='لیست '!B49 -> 0 | GA13: ='لیست '!B50 -> 0 | GE13: ='لیست '!B51 -> 0 | GI13: ='لیست '!B52 -> 0 | GM13: ='لیست '!B53 -> 0 | GQ13: ='لیست '!B54 -> 0 | GU13: ='لیست '!B55 -> 0 | GY13: ='لیست '!B56 -> 0 | HC13: ='لیست '!B57 -> 0 | HG13: ='لیست '!B58 -> 0 | HK13: ='لیست '!B59 -> 0 | HO13: ='لیست '!B60 -> 0 | HS13: ='لیست '!B61 -> 0 | HW13: ='لیست '!B62 -> 0 | IA13: ='لیست '!B63 -> 0 | IE13: ='لیست '!B64 -> 0 | II13: ='لیست '!B65 -> 0 | IM13: ='لیست '!B66 -> 0 | IQ13: ='لیست '!B67 -> 0 | IU13: ='لیست '!B68 -> 0 | IY13: ='لیست '!B69 -> 0 | JC13: ='لیست '!B70 -> 0 | JG13: ='لیست '!B71 -> 0 | JK13: ='لیست '!B72 -> 0 | JO13: ='لیست '!B73 -> 0 | JS13: ='لیست '!B74 -> 0 | JW13: ='لیست '!B75 -> 0 | KA13: ='لیست '!B76 -> 0 | KE13: ='لیست '!B77 -> 0 | KI13: ='لیست '!B78 -> 0 | KM13: ='لیست '!B79 -> 0 | KQ13: ='لیست '!B80 -> 0 | KU13: ='لیست '!B81 -> 0 | KY13: ='لیست '!B82 -> 0 | LC13: ='لیست '!B83 -> 0 | LG13: ='لیست '!B84 -> 0 | LK13: ='لیست '!B85 -> 0 | LO13: ='لیست '!B86 -> 0 | LS13: ='لیست '!B87 -> 0 | LW13: ='لیست '!B88 -> 0 | MA13: ='لیست '!B89 -> 0 | ME13: ='لیست '!B90 -> 0 | MI13: ='لیست '!B91 -> 0 | MM13: ='لیست '!B92 -> 0 | MQ13: ='لیست '!B93 -> 0 | MU13: ='لیست '!B94 -> 0 | MY13: ='لیست '!B95 -> 0 | NC13: ='لیست '!B96 -> 0 | NG13: ='لیست '!B97 -> 0 | NK13: ='لیست '!B98 -> 0 | NO13: ='لیست '!B99 -> 0 | NS13: ='لیست '!B100 -> 0 | NW13: ='لیست '!B101 -> 0 | OA13: ='لیست '!B102 -> 0
B14: نام پدر | C14: ='لیست '!C5 -> 0 | G14: ='لیست '!C6 -> 0 | K14: ='لیست '!C7 -> 0 | O14: ='لیست '!C8 -> 0 | S14: ='لیست '!C9 -> 0 | W14: ='لیست '!C10 -> 0 | AA14: ='لیست '!C11 -> 0 | AE14: ='لیست '!C12 -> 0 | AI14: ='لیست '!C13 -> 0 | AM14: ='لیست '!C14 -> 0 | AQ14: ='لیست '!C15 -> 0 | AU14: ='لیست '!C16 -> 0 | AY14: ='لیست '!C17 -> 0 | BC14: ='لیست '!C18 -> 0 | BG14: ='لیست '!C19 -> 0 | BK14: ='لیست '!C20 -> 0 | BO14: ='لیست '!C21 -> 0 | BS14: ='لیست '!C22 -> 0 | BW14: ='لیست '!C23 -> 0 | CA14: ='لیست '!C24 -> 0 | CE14: ='لیست '!C25 -> 0 | CI14: ='لیست '!C26 -> 0 | CM14: ='لیست '!C27 -> 0 | CQ14: ='لیست '!C28 -> 0 | CU14: ='لیست '!C29 -> 0 | CY14: ='لیست '!C30 -> 0 | DC14: ='لیست '!C31 -> 0 | DG14: ='لیست '!C32 -> 0 | DK14: ='لیست '!C33 -> 0 | DO14: ='لیست '!C34 -> 0 | DS14: ='لیست '!C35 -> 0 | DW14: ='لیست '!C36 -> 0 | EA14: ='لیست '!C37 -> 0 | EE14: ='لیست '!C38 -> 0 | EI14: ='لیست '!C39 -> 0 | EM14: ='لیست '!C40 -> 0 | EQ14: ='لیست '!C41 -> 0 | EU14: ='لیست '!C42 -> 0 | EY14: ='لیست '!C43 -> 0 | FC14: ='لیست '!C44 -> 0 | FG14: ='لیست '!C45 -> 0 | FK14: ='لیست '!C46 -> 0 | FO14: ='لیست '!C47 -> 0 | FS14: ='لیست '!C48 -> 0 | FW14: ='لیست '!C49 -> 0 | GA14: ='لیست '!C50 -> 0 | GE14: ='لیست '!C51 -> 0 | GI14: ='لیست '!C52 -> 0 | GM14: ='لیست '!C53 -> 0 | GQ14: ='لیست '!C54 -> 0 | GU14: ='لیست '!C55 -> 0 | GY14: ='لیست '!C56 -> 0 | HC14: ='لیست '!C57 -> 0 | HG14: ='لیست '!C58 -> 0 | HK14: ='لیست '!C59 -> 0 | HO14: ='لیست '!C60 -> 0 | HS14: ='لیست '!C61 -> 0 | HW14: ='لیست '!C62 -> 0 | IA14: ='لیست '!C63 -> 0 | IE14: ='لیست '!C64 -> 0 | II14: ='لیست '!C65 -> 0 | IM14: ='لیست '!C66 -> 0 | IQ14: ='لیست '!C67 -> 0 | IU14: ='لیست '!C68 -> 0 | IY14: ='لیست '!C69 -> 0 | JC14: ='لیست '!C70 -> 0 | JG14: ='لیست '!C71 -> 0 | JK14: ='لیست '!C72 -> 0 | JO14: ='لیست '!C73 -> 0 | JS14: ='لیست '!C74 -> 0 | JW14: ='لیست '!C75 -> 0 | KA14: ='لیست '!C76 -> 0 | KE14: ='لیست '!C77 -> 0 | KI14: ='لیست '!C78 -> 0 | KM14: ='لیست '!C79 -> 0 | KQ14: ='لیست '!C80 -> 0 | KU14: ='لیست '!C81 -> 0 | KY14: ='لیست '!C82 -> 0 | LC14: ='لیست '!C83 -> 0 | LG14: ='لیست '!C84 -> 0 | LK14: ='لیست '!C85 -> 0 | LO14: ='لیست '!C86 -> 0 | LS14: ='لیست '!C87 -> 0 | LW14: ='لیست '!C88 -> 0 | MA14: ='لیست '!C89 -> 0 | ME14: ='لیست '!C90 -> 0 | MI14: ='لیست '!C91 -> 0 | MM14: ='لیست '!C92 -> 0 | MQ14: ='لیست '!C93 -> 0 | MU14: ='لیست '!C94 -> 0 | MY14: ='لیست '!C95 -> 0 | NC14: ='لیست '!C96 -> 0 | NG14: ='لیست '!C97 -> 0 | NK14: ='لیست '!C98 -> 0 | NO14: ='لیست '!C99 -> 0 | NS14: ='لیست '!C100 -> 0 | NW14: ='لیست '!C101 -> 0 | OA14: ='لیست '!C102 -> 0 | OG14: استادان محترم: برای درج هر نوع معلومات تحریری به شیټ(لیست) مراجعه نماید این جدول فقط برای پرنت میباشد. اپدیت کننده: عزت الله عابد استاد لېسه عالي ګل پاچا الفت حوزه دوازهم تعلیمی - کابل شماره وتسپ: 0780442278
B15: نام پدر کلان | C15: ='لیست '!D5 -> 0 | G15: ='لیست '!D6 -> 0 | K15: ='لیست '!D7 -> 0 | O15: ='لیست '!D8 -> 0 | S15: ='لیست '!D9 -> 0 | W15: ='لیست '!D10 -> 0 | AA15: ='لیست '!D11 -> 0 | AE15: ='لیست '!D12 -> 0 | AI15: ='لیست '!D13 -> 0 | AM15: ='لیست '!D14 -> 0 | AQ15: ='لیست '!D15 -> 0 | AU15: ='لیست '!D16 -> 0 | AY15: ='لیست '!D17 -> 0 | BC15: ='لیست '!D18 -> 0 | BG15: ='لیست '!D19 -> 0 | BK15: ='لیست '!D20 -> 0 | BO15: ='لیست '!D21 -> 0 | BS15: ='لیست '!D22 -> 0 | BW15: ='لیست '!D23 -> 0 | CA15: ='لیست '!D24 -> 0 | CE15: ='لیست '!D25 -> 0 | CI15: ='لیست '!D26 -> 0 | CM15: ='لیست '!D27 -> 0 | CQ15: ='لیست '!D28 -> 0 | CU15: ='لیست '!D29 -> 0 | CY15: ='لیست '!D30 -> 0 | DC15: ='لیست '!D31 -> 0 | DG15: ='لیست '!D32 -> 0 | DK15: ='لیست '!D33 -> 0 | DO15: ='لیست '!D34 -> 0 | DS15: ='لیست '!D35 -> 0 | DW15: ='لیست '!D36 -> 0 | EA15: ='لیست '!D37 -> 0 | EE15: ='لیست '!D38 -> 0 | EI15: ='لیست '!D39 -> 0 | EM15: ='لیست '!D40 -> 0 | EQ15: ='لیست '!D41 -> 0 | EU15: ='لیست '!D42 -> 0 | EY15: ='لیست '!D43 -> 0 | FC15: ='لیست '!D44 -> 0 | FG15: ='لیست '!D45 -> 0 | FK15: ='لیست '!D46 -> 0 | FO15: ='لیست '!D47 -> 0 | FS15: ='لیست '!D48 -> 0 | FW15: ='لیست '!D49 -> 0 | GA15: ='لیست '!D50 -> 0 | GE15: ='لیست '!D51 -> 0 | GI15: ='لیست '!D52 -> 0 | GM15: ='لیست '!D53 -> 0 | GQ15: ='لیست '!D54 -> 0 | GU15: ='لیست '!D55 -> 0 | GY15: ='لیست '!D56 -> 0 | HC15: ='لیست '!D57 -> 0 | HG15: ='لیست '!D58 -> 0 | HK15: ='لیست '!D59 -> 0 | HO15: ='لیست '!D60 -> 0 | HS15: ='لیست '!D61 -> 0 | HW15: ='لیست '!D62 -> 0 | IA15: ='لیست '!D63 -> 0 | IE15: ='لیست '!D64 -> 0 | II15: ='لیست '!D65 -> 0 | IM15: ='لیست '!D66 -> 0 | IQ15: ='لیست '!D67 -> 0 | IU15: ='لیست '!D68 -> 0 | IY15: ='لیست '!D69 -> 0 | JC15: ='لیست '!D70 -> 0 | JG15: ='لیست '!D71 -> 0 | JK15: ='لیست '!D72 -> 0 | JO15: ='لیست '!D73 -> 0 | JS15: ='لیست '!D74 -> 0 | JW15: ='لیست '!D75 -> 0 | KA15: ='لیست '!D76 -> 0 | KE15: ='لیست '!D77 -> 0 | KI15: ='لیست '!D78 -> 0 | KM15: ='لیست '!D79 -> 0 | KQ15: ='لیست '!D80 -> 0 | KU15: ='لیست '!D81 -> 0 | KY15: ='لیست '!D82 -> 0 | LC15: ='لیست '!D83 -> 0 | LG15: ='لیست '!D84 -> 0 | LK15: ='لیست '!D85 -> 0 | LO15: ='لیست '!D86 -> 0 | LS15: ='لیست '!D87 -> 0 | LW15: ='لیست '!D88 -> 0 | MA15: ='لیست '!D89 -> 0 | ME15: ='لیست '!D90 -> 0 | MI15: ='لیست '!D91 -> 0 | MM15: ='لیست '!D92 -> 0 | MQ15: ='لیست '!D93 -> 0 | MU15: ='لیست '!D94 -> 0 | MY15: ='لیست '!D95 -> 0 | NC15: ='لیست '!D96 -> 0 | NG15: ='لیست '!D97 -> 0 | NK15: ='لیست '!D98 -> 0 | NO15: ='لیست '!D99 -> 0 | NS15: ='لیست '!D100 -> 0 | NW15: ='لیست '!D101 -> 0 | OA15: ='لیست '!D102 -> 0
A16: نمبر اساس | C16: ='لیست '!E5 -> 0 | G16: ='لیست '!E6 -> 0 | K16: ='لیست '!E7 -> 0 | O16: ='لیست '!E8 -> 0 | S16: ='لیست '!E9 -> 0 | W16: ='لیست '!E10 -> 0 | AA16: ='لیست '!E11 -> 0 | AE16: ='لیست '!E12 -> 0 | AI16: ='لیست '!E13 -> 0 | AM16: ='لیست '!E14 -> 0 | AQ16: ='لیست '!E15 -> 0 | AU16: ='لیست '!E16 -> 0 | AY16: ='لیست '!E17 -> 0 | BC16: ='لیست '!E18 -> 0 | BG16: ='لیست '!E19 -> 0 | BK16: ='لیست '!E20 -> 0 | BO16: ='لیست '!E21 -> 0 | BS16: ='لیست '!E22 -> 0 | BW16: ='لیست '!E23 -> 0 | CA16: ='لیست '!E24 -> 0 | CE16: ='لیست '!E25 -> 0 | CI16: ='لیست '!E26 -> 0 | CM16: ='لیست '!E27 -> 0 | CQ16: ='لیست '!E28 -> 0 | CU16: ='لیست '!E29 -> 0 | CY16: ='لیست '!E30 -> 0 | DC16: ='لیست '!E31 -> 0 | DG16: ='لیست '!E32 -> 0 | DK16: ='لیست '!E33 -> 0 | DO16: ='لیست '!E34 -> 0 | DS16: ='لیست '!E35 -> 0 | DW16: ='لیست '!E36 -> 0 | EA16: ='لیست '!E37 -> 0 | EE16: ='لیست '!E38 -> 0 | EI16: ='لیست '!E39 -> 0 | EM16: ='لیست '!E40 -> 0 | EQ16: ='لیست '!E41 -> 0 | EU16: ='لیست '!E42 -> 0 | EY16: ='لیست '!E43 -> 0 | FC16: ='لیست '!E44 -> 0 | FG16: ='لیست '!E45 -> 0 | FK16: ='لیست '!E46 -> 0 | FO16: ='لیست '!E47 -> 0 | FS16: ='لیست '!E48 -> 0 | FW16: ='لیست '!E49 -> 0 | GA16: ='لیست '!E50 -> 0 | GE16: ='لیست '!E51 -> 0 | GI16: ='لیست '!E52 -> 0 | GM16: ='لیست '!E53 -> 0 | GQ16: ='لیست '!E54 -> 0 | GU16: ='لیست '!E55 -> 0 | GY16: ='لیست '!E56 -> 0 | HC16: ='لیست '!E57 -> 0 | HG16: ='لیست '!E58 -> 0 | HK16: ='لیست '!E59 -> 0 | HO16: ='لیست '!E60 -> 0 | HS16: ='لیست '!E61 -> 0 | HW16: ='لیست '!E62 -> 0 | IA16: ='لیست '!E63 -> 0 | IE16: ='لیست '!E64 -> 0 | II16: ='لیست '!E65 -> 0 | IM16: ='لیست '!E66 -> 0 | IQ16: ='لیست '!E67 -> 0 | IU16: ='لیست '!E68 -> 0 | IY16: ='لیست '!E69 -> 0 | JC16: ='لیست '!E70 -> 0 | JG16: ='لیست '!E71 -> 0 | JK16: ='لیست '!E72 -> 0 | JO16: ='لیست '!E73 -> 0 | JS16: ='لیست '!E74 -> 0 | JW16: ='لیست '!E75 -> 0 | KA16: ='لیست '!E76 -> 0 | KE16: ='لیست '!E77 -> 0 | KI16: ='لیست '!E78 -> 0 | KM16: ='لیست '!E79 -> 0 | KQ16: ='لیست '!E80 -> 0 | KU16: ='لیست '!E81 -> 0 | KY16: ='لیست '!E82 -> 0 | LC16: ='لیست '!E83 -> 0 | LG16: ='لیست '!E84 -> 0 | LK16: ='لیست '!E85 -> 0 | LO16: ='لیست '!E86 -> 0 | LS16: ='لیست '!E87 -> 0 | LW16: ='لیست '!E88 -> 0 | MA16: ='لیست '!E89 -> 0 | ME16: ='لیست '!E90 -> 0 | MI16: ='لیست '!E91 -> 0 | MM16: ='لیست '!E92 -> 0 | MQ16: ='لیست '!E93 -> 0 | MU16: ='لیست '!E94 -> 0 | MY16: ='لیست '!E95 -> 0 | NC16: ='لیست '!E96 -> 0 | NG16: ='لیست '!E97 -> 0 | NK16: ='لیست '!E98 -> 0 | NO16: ='لیست '!E99 -> 0 | NS16: ='لیست '!E100 -> 0 | NW16: ='لیست '!E101 -> 0 | OA16: ='لیست '!E102 -> 0
A17: نمبر تذکره | C17: ='لیست '!F5 -> 0 | G17: ='لیست '!F6 -> 0 | K17: ='لیست '!F7 -> 0 | O17: ='لیست '!F8 -> 0 | S17: ='لیست '!F9 -> 0 | W17: ='لیست '!F10 -> 0 | AA17: ='لیست '!F11 -> 0 | AE17: ='لیست '!F12 -> 0 | AI17: ='لیست '!F13 -> 0 | AM17: ='لیست '!F14 -> 0 | AQ17: ='لیست '!F15 -> 0 | AU17: ='لیست '!F16 -> 0 | AY17: ='لیست '!F17 -> 0 | BC17: ='لیست '!F18 -> 0 | BG17: ='لیست '!F19 -> 0 | BK17: ='لیست '!F20 -> 0 | BO17: ='لیست '!F21 -> 0 | BS17: ='لیست '!F22 -> 0 | BW17: ='لیست '!F23 -> 0 | CA17: ='لیست '!F24 -> 0 | CE17: ='لیست '!F25 -> 0 | CI17: ='لیست '!F26 -> 0 | CM17: ='لیست '!F27 -> 0 | CQ17: ='لیست '!F28 -> 0 | CU17: ='لیست '!F29 -> 0 | CY17: ='لیست '!F30 -> 0 | DC17: ='لیست '!F31 -> 0 | DG17: ='لیست '!F32 -> 0 | DK17: ='لیست '!F33 -> 0 | DO17: ='لیست '!F34 -> 0 | DS17: ='لیست '!F35 -> 0 | DW17: ='لیست '!F36 -> 0 | EA17: ='لیست '!F37 -> 0 | EE17: ='لیست '!F38 -> 0 | EI17: ='لیست '!F39 -> 0 | EM17: ='لیست '!F40 -> 0 | EQ17: ='لیست '!F41 -> 0 | EU17: ='لیست '!F42 -> 0 | EY17: ='لیست '!F43 -> 0 | FC17: ='لیست '!F44 -> 0 | FG17: ='لیست '!F45 -> 0 | FK17: ='لیست '!F46 -> 0 | FO17: ='لیست '!F47 -> 0 | FS17: ='لیست '!F48 -> 0 | FW17: ='لیست '!F49 -> 0 | GA17: ='لیست '!F50 -> 0 | GE17: ='لیست '!F51 -> 0 | GI17: ='لیست '!F52 -> 0 | GM17: ='لیست '!F53 -> 0 | GQ17: ='لیست '!F54 -> 0 | GU17: ='لیست '!F55 -> 0 | GY17: ='لیست '!F56 -> 0 | HC17: ='لیست '!F57 -> 0 | HG17: ='لیست '!F58 -> 0 | HK17: ='لیست '!F59 -> 0 | HO17: ='لیست '!F60 -> 0 | HS17: ='لیست '!F61 -> 0 | HW17: ='لیست '!F62 -> 0 | IA17: ='لیست '!F63 -> 0 | IE17: ='لیست '!F64 -> 0 | II17: ='لیست '!F65 -> 0 | IM17: ='لیست '!F66 -> 0 | IQ17: ='لیست '!F67 -> 0 | IU17: ='لیست '!F68 -> 0 | IY17: ='لیست '!F69 -> 0 | JC17: ='لیست '!F70 -> 0 | JG17: ='لیست '!F71 -> 0 | JK17: ='لیست '!F72 -> 0 | JO17: ='لیست '!F73 -> 0 | JS17: ='لیست '!F74 -> 0 | JW17: ='لیست '!F75 -> 0 | KA17: ='لیست '!F76 -> 0 | KE17: ='لیست '!F77 -> 0 | KI17: ='لیست '!F78 -> 0 | KM17: ='لیست '!F79 -> 0 | KQ17: ='لیست '!F80 -> 0 | KU17: ='لیست '!F81 -> 0 | KY17: ='لیست '!F82 -> 0 | LC17: ='لیست '!F83 -> 0 | LG17: ='لیست '!F84 -> 0 | LK17: ='لیست '!F85 -> 0 | LO17: ='لیست '!F86 -> 0 | LS17: ='لیست '!F87 -> 0 | LW17: ='لیست '!F88 -> 0 | MA17: ='لیست '!F89 -> 0 | ME17: ='لیست '!F90 -> 0 | MI17: ='لیست '!F91 -> 0 | MM17: ='لیست '!F92 -> 0 | MQ17: ='لیست '!F93 -> 0 | MU17: ='لیست '!F94 -> 0 | MY17: ='لیست '!F95 -> 0 | NC17: ='لیست '!F96 -> 0 | NG17: ='لیست '!F97 -> 0 | NK17: ='لیست '!F98 -> 0 | NO17: ='لیست '!F99 -> 0 | NS17: ='لیست '!F100 -> 0 | NW17: ='لیست '!F101 -> 0 | OA17: ='لیست '!F102 -> 0
C18: چهارونیم ماهه | D18: سالانه | E18: نمرات نهائی | G18: چهارونیم ماهه | H18: سالانه | I18: نمرات نهائی | K18: چهارونیم ماهه | L18: سالانه | M18: نمرات نهائی | O18: چهارونیم ماهه | P18: سالانه | Q18: نمرات نهائی | S18: چهارونیم ماهه | T18: سالانه | U18: نمرات نهائی | W18: چهارونیم ماهه | X18: سالانه | Y18: نمرات نهائی | AA18: چهارونیم ماهه | AB18: سالانه | AC18: نمرات نهائی | AE18: چهارونیم ماهه | AF18: سالانه | AG18: نمرات نهائی | AI18: چهارونیم ماهه | AJ18: سالانه | AK18: نمرات نهائی | AM18: چهارونیم ماهه | AN18: سالانه | AO18: نمرات نهائی | AQ18: چهارونیم ماهه | AR18: سالانه | AS18: نمرات نهائی | AU18: چهارونیم ماهه | AV18: سالانه | AW18: نمرات نهائی | AY18: چهارونیم ماهه | AZ18: سالانه | BA18: نمرات نهائی | BC18: چهارونیم ماهه | BD18: سالانه | BE18: نمرات نهائی | BG18: چهارونیم ماهه | BH18: سالانه | BI18: نمرات نهائی | BK18: چهارونیم ماهه | BL18: سالانه | BM18: نمرات نهائی | BO18: چهارونیم ماهه | BP18: سالانه | BQ18: نمرات نهائی | BS18: چهارونیم ماهه | BT18: سالانه | BU18: نمرات نهائی | BW18: چهارونیم ماهه | BX18: سالانه | BY18: نمرات نهائی | CA18: چهارونیم ماهه | CB18: سالانه | CC18: نمرات نهائی | CE18: چهارونیم ماهه | CF18: سالانه | CG18: نمرات نهائی | CI18: چهارونیم ماهه | CJ18: سالانه | CK18: نمرات نهائی | CM18: چهارونیم ماهه | CN18: سالانه | CO18: نمرات نهائی | CQ18: چهارونیم ماهه | CR18: سالانه | CS18: نمرات نهائی | CU18: چهارونیم ماهه | CV18: سالانه | CW18: نمرات نهائی | CY18: چهارونیم ماهه | CZ18: سالانه | DA18: نمرات نهائی | DC18: چهارونیم ماهه | DD18: سالانه | DE18: نمرات نهائی | DG18: چهارونیم ماهه | DH18: سالانه | DI18: نمرات نهائی | DK18: چهارونیم ماهه | DL18: سالانه | DM18: نمرات نهائی | DO18: چهارونیم ماهه | DP18: سالانه | DQ18: نمرات نهائی | DS18: چهارونیم ماهه | DT18: سالانه | DU18: نمرات نهائی | DW18: چهارونیم ماهه | DX18: سالانه | DY18: نمرات نهائی | EA18: چهارونیم ماهه | EB18: سالانه | EC18: نمرات نهائی | EE18: چهارونیم ماهه | EF18: سالانه | EG18: نمرات نهائی | EI18: چهارونیم ماهه | EJ18: سالانه | EK18: نمرات نهائی | EM18: چهارونیم ماهه | EN18: سالانه | EO18: نمرات نهائی | EQ18: چهارونیم ماهه | ER18: سالانه | ES18: نمرات نهائی | EU18: چهارونیم ماهه | EV18: سالانه | EW18: نمرات نهائی | EY18: چهارونیم ماهه | EZ18: سالانه | FA18: نمرات نهائی | FC18: چهارونیم ماهه | FD18: سالانه | FE18: نمرات نهائی | FG18: چهارونیم ماهه | FH18: سالانه | FI18: نمرات نهائی | FK18: چهارونیم ماهه | FL18: سالانه | FM18: نمرات نهائی | FO18: چهارونیم ماهه | FP18: سالانه | FQ18: نمرات نهائی | FS18: چهارونیم ماهه | FT18: سالانه | FU18: نمرات نهائی | FW18: چهارونیم ماهه | FX18: سالانه | FY18: نمرات نهائی | GA18: چهارونیم ماهه | GB18: سالانه | GC18: نمرات نهائی | GE18: چهارونیم ماهه | GF18: سالانه | GG18: نمرات نهائی | GI18: چهارونیم ماهه | GJ18: سالانه | GK18: نمرات نهائی | GM18: چهارونیم ماهه | GN18: سالانه | GO18: نمرات نهائی | GQ18: چهارونیم ماهه | GR18: سالانه | GS18: نمرات نهائی | GU18: چهارونیم ماهه | GV18: سالانه | GW18: نمرات نهائی | GY18: چهارونیم ماهه | GZ18: سالانه | HA18: نمرات نهائی | HC18: چهارونیم ماهه | HD18: سالانه | HE18: نمرات نهائی | HG18: چهارونیم ماهه | HH18: سالانه | HI18: نمرات نهائی | HK18: چهارونیم ماهه | HL18: سالانه | HM18: نمرات نهائی | HO18: چهارونیم ماهه | HP18: سالانه | HQ18: نمرات نهائی | HS18: چهارونیم ماهه | HT18: سالانه | HU18: نمرات نهائی | HW18: چهارونیم ماهه | HX18: سالانه | HY18: نمرات نهائی | IA18: چهارونیم ماهه | IB18: سالانه | IC18: نمرات نهائی | IE18: چهارونیم ماهه | IF18: سالانه | IG18: نمرات نهائی | II18: چهارونیم ماهه | IJ18: سالانه | IK18: نمرات نهائی | IM18: چهارونیم ماهه | IN18: سالانه | IO18: نمرات نهائی | IQ18: چهارونیم ماهه | IR18: سالانه | IS18: نمرات نهائی | IU18: چهارونیم ماهه | IV18: سالانه | IW18: نمرات نهائی | IY18: چهارونیم ماهه | IZ18: سالانه | JA18: نمرات نهائی | JC18: چهارونیم ماهه | JD18: سالانه | JE18: نمرات نهائی | JG18: چهارونیم ماهه | JH18: سالانه | JI18: نمرات نهائی | JK18: چهارونیم ماهه | JL18: سالانه | JM18: نمرات نهائی | JO18: چهارونیم ماهه | JP18: سالانه | JQ18: نمرات نهائی | JS18: چهارونیم ماهه | JT18: سالانه | JU18: نمرات نهائی | JW18: چهارونیم ماهه | JX18: سالانه | JY18: نمرات نهائی | KA18: چهارونیم ماهه | KB18: سالانه | KC18: نمرات نهائی | KE18: چهارونیم ماهه | KF18: سالانه | KG18: نمرات نهائی | KI18: چهارونیم ماهه | KJ18: سالانه | KK18: نمرات نهائی | KM18: چهارونیم ماهه | KN18: سالانه | KO18: نمرات نهائی | KQ18: چهارونیم ماهه | KR18: سالانه | KS18: نمرات نهائی | KU18: چهارونیم ماهه | KV18: سالانه | KW18: نمرات نهائی | KY18: چهارونیم ماهه | KZ18: سالانه | LA18: نمرات نهائی | LC18: چهارونیم ماهه | LD18: سالانه | LE18: نمرات نهائی | LG18: چهارونیم ماهه | LH18: سالانه | LI18: نمرات نهائی | LK18: چهارونیم ماهه | LL18: سالانه | LM18: نمرات نهائی | LO18: چهارونیم ماهه | LP18: سالانه | LQ18: نمرات نهائی | LS18: چهارونیم ماهه | LT18: سالانه | LU18: نمرات نهائی | LW18: چهارونیم ماهه | LX18: سالانه | LY18: نمرات نهائی | MA18: چهارونیم ماهه | MB18: سالانه | MC18: نمرات نهائی | ME18: چهارونیم ماهه | MF18: سالانه | MG18: نمرات نهائی | MI18: چهارونیم ماهه | MJ18: سالانه | MK18: نمرات نهائی | MM18: چهارونیم ماهه | MN18: سالانه | MO18: نمرات نهائی | MQ18: چهارونیم ماهه | MR18: سالانه | MS18: نمرات نهائی | MU18: چهارونیم ماهه | MV18: سالانه | MW18: نمرات نهائی | MY18: چهارونیم ماهه | MZ18: سالانه | NA18: نمرات نهائی | NC18: چهارونیم ماهه | ND18: سالانه | NE18: نمرات نهائی | NG18: چهارونیم ماهه | NH18: سالانه | NI18: نمرات نهائی | NK18: چهارونیم ماهه | NL18: سالانه | NM18: نمرات نهائی | NO18: چهارونیم ماهه | NP18: سالانه | NQ18: نمرات نهائی | NS18: چهارونیم ماهه | NT18: سالانه | NU18: نمرات نهائی | NW18: چهارونیم ماهه | NX18: سالانه | NY18: نمرات نهائی | OA18: چهارونیم ماهه | OB18: سالانه | OC18: نمرات نهائی
A21: ='لیست '!K3 -> قرانکریم | C21: =IF('لیست '!K5<>"",'لیست '!K5,"") | D21: =IF('لیست '!AF5<>"",'لیست '!AF5,"") | E21: =IF(D21<>"",SUM(C21:D21),"") | G21: =IF('لیست '!K6<>"",'لیست '!K6,"") | H21: =IF('لیست '!AF6<>"",'لیست '!AF6,"") | I21: =IF(H21<>"",SUM(G21:H21),"") | K21: =IF('لیست '!K7<>"",'لیست '!K7,"") | L21: =IF('لیست '!AF7<>"",'لیست '!AF7,"") | M21: =IF(L21<>"",SUM(K21:L21),"") | O21: =IF('لیست '!K8<>"",'لیست '!K8,"") | P21: =IF('لیست '!AF8<>"",'لیست '!AF8,"") | Q21: =IF(P21<>"",SUM(O21:P21),"") | S21: =IF('لیست '!K9<>"",'لیست '!K9,"") | T21: =IF('لیست '!AF9<>"",'لیست '!AF9,"") | U21: =IF(T21<>"",SUM(S21:T21),"") | W21: =IF('لیست '!K10<>"",'لیست '!K10,"") | X21: =IF('لیست '!AF10<>"",'لیست '!AF10,"") | Y21: =IF(X21<>"",SUM(W21:X21),"") | AA21: =IF('لیست '!K11<>"",'لیست '!K11,"") | AB21: =IF('لیست '!AF11<>"",'لیست '!AF11,"") | AC21: =IF(AB21<>"",SUM(AA21:AB21),"") | AE21: =IF('لیست '!K12<>"",'لیست '!K12,"") | AF21: =IF('لیست '!AF12<>"",'لیست '!AF12,"") | AG21: =IF(AF21<>"",SUM(AE21:AF21),"") | AI21: =IF('لیست '!K13<>"",'لیست '!K13,"") | AJ21: =IF('لیست '!AF13<>"",'لیست '!AF13,"") | AK21: =IF(AJ21<>"",SUM(AI21:AJ21),"") | AM21: =IF('لیست '!K14<>"",'لیست '!K14,"") | AN21: =IF('لیست '!AF14<>"",'لیست '!AF14,"") | AO21: =IF(AN21<>"",SUM(AM21:AN21),"") | AQ21: =IF('لیست '!K15<>"",'لیست '!K15,"") | AR21: =IF('لیست '!AF15<>"",'لیست '!AF15,"") | AS21: =IF(AR21<>"",SUM(AQ21:AR21),"") | AU21: =IF('لیست '!K16<>"",'لیست '!K16,"") | AV21: =IF('لیست '!AF16<>"",'لیست '!AF16,"") | AW21: =IF(AV21<>"",SUM(AU21:AV21),"") | AY21: =IF('لیست '!K17<>"",'لیست '!K17,"") | AZ21: =IF('لیست '!AF17<>"",'لیست '!AF17,"") | BA21: =IF(AZ21<>"",SUM(AY21:AZ21),"") | BC21: =IF('لیست '!K18<>"",'لیست '!K18,"") | BD21: =IF('لیست '!AF18<>"",'لیست '!AF18,"") | BE21: =IF(BD21<>"",SUM(BC21:BD21),"") | BG21: =IF('لیست '!K19<>"",'لیست '!K19,"") | BH21: =IF('لیست '!AF19<>"",'لیست '!AF19,"") | BI21: =IF(BH21<>"",SUM(BG21:BH21),"") | BK21: =IF('لیست '!K20<>"",'لیست '!K20,"") | BL21: =IF('لیست '!AF20<>"",'لیست '!AF20,"") | BM21: =IF(BL21<>"",SUM(BK21:BL21),"") | BO21: =IF('لیست '!K21<>"",'لیست '!K21,"") | BP21: =IF('لیست '!AF21<>"",'لیست '!AF21,"") | BQ21: =IF(BP21<>"",SUM(BO21:BP21),"") | BS21: =IF('لیست '!K22<>"",'لیست '!K22,"") | BT21: =IF('لیست '!AF22<>"",'لیست '!AF22,"") | BU21: =IF(BT21<>"",SUM(BS21:BT21),"") | BW21: =IF('لیست '!K23<>"",'لیست '!K23,"") | BX21: =IF('لیست '!AF23<>"",'لیست '!AF23,"") | BY21: =IF(BX21<>"",SUM(BW21:BX21),"") | CA21: =IF('لیست '!K24<>"",'لیست '!K24,"") | CB21: =IF('لیست '!AF24<>"",'لیست '!AF24,"") | CC21: =IF(CB21<>"",SUM(CA21:CB21),"") | CE21: =IF('لیست '!K25<>"",'لیست '!K25,"") | CF21: =IF('لیست '!AF25<>"",'لیست '!AF25,"") | CG21: =IF(CF21<>"",SUM(CE21:CF21),"") | CI21: =IF('لیست '!K26<>"",'لیست '!K26,"") | CJ21: =IF('لیست '!AF26<>"",'لیست '!AF26,"") | CK21: =IF(CJ21<>"",SUM(CI21:CJ21),"") | CM21: =IF('لیست '!K27<>"",'لیست '!K27,"") | CN21: =IF('لیست '!AF27<>"",'لیست '!AF27,"") | CO21: =IF(CN21<>"",SUM(CM21:CN21),"") | CQ21: =IF('لیست '!K28<>"",'لیست '!K28,"") | CR21: =IF('لیست '!AF28<>"",'لیست '!AF28,"") | CS21: =IF(CR21<>"",SUM(CQ21:CR21),"") | CU21: =IF('لیست '!K29<>"",'لیست '!K29,"") | CV21: =IF('لیست '!AF29<>"",'لیست '!AF29,"") | CW21: =IF(CV21<>"",SUM(CU21:CV21),"") | CY21: =IF('لیست '!K30<>"",'لیست '!K30,"") | CZ21: =IF('لیست '!AF30<>"",'لیست '!AF30,"") | DA21: =IF(CZ21<>"",SUM(CY21:CZ21),"") | DC21: =IF('لیست '!K31<>"",'لیست '!K31,"") | DD21: =IF('لیست '!AF31<>"",'لیست '!AF31,"") | DE21: =IF(DD21<>"",SUM(DC21:DD21),"") | DG21: =IF('لیست '!K32<>"",'لیست '!K32,"") | DH21: =IF('لیست '!AF32<>"",'لیست '!AF32,"") | DI21: =IF(DH21<>"",SUM(DG21:DH21),"") | DK21: =IF('لیست '!K33<>"",'لیست '!K33,"") | DL21: =IF('لیست '!AF33<>"",'لیست '!AF33,"") | DM21: =IF(DL21<>"",SUM(DK21:DL21),"") | DO21: =IF('لیست '!K34<>"",'لیست '!K34,"") | DP21: =IF('لیست '!AF34<>"",'لیست '!AF34,"") | DQ21: =IF(DP21<>"",SUM(DO21:DP21),"") | DS21: =IF('لیست '!K35<>"",'لیست '!K35,"") | DT21: =IF('لیست '!AF35<>"",'لیست '!AF35,"") | DU21: =IF(DT21<>"",SUM(DS21:DT21),"") | DW21: =IF('لیست '!K36<>"",'لیست '!K36,"") | DX21: =IF('لیست '!AF36<>"",'لیست '!AF36,"") | DY21: =IF(DX21<>"",SUM(DW21:DX21),"") | EA21: =IF('لیست '!K37<>"",'لیست '!K37,"") | EB21: =IF('لیست '!AF37<>"",'لیست '!AF37,"") | EC21: =IF(EB21<>"",SUM(EA21:EB21),"") | EE21: =IF('لیست '!K38<>"",'لیست '!K38,"") | EF21: =IF('لیست '!AF38<>"",'لیست '!AF38,"") | EG21: =IF(EF21<>"",SUM(EE21:EF21),"") | EI21: =IF('لیست '!K39<>"",'لیست '!K39,"") | EJ21: =IF('لیست '!AF39<>"",'لیست '!AF39,"") | EK21: =IF(EJ21<>"",SUM(EI21:EJ21),"") | EM21: =IF('لیست '!K40<>"",'لیست '!K40,"") | EN21: =IF('لیست '!AF40<>"",'لیست '!AF40,"") | EO21: =IF(EN21<>"",SUM(EM21:EN21),"") | EQ21: =IF('لیست '!K41<>"",'لیست '!K41,"") | ER21: =IF('لیست '!AF41<>"",'لیست '!AF41,"") | ES21: =IF(ER21<>"",SUM(EQ21:ER21),"") | EU21: =IF('لیست '!K42<>"",'لیست '!K42,"") | EV21: =IF('لیست '!AF42<>"",'لیست '!AF42,"") | EW21: =IF(EV21<>"",SUM(EU21:EV21),"") | EY21: =IF('لیست '!K43<>"",'لیست '!K43,"") | EZ21: =IF('لیست '!AF43<>"",'لیست '!AF43,"") | FA21: =IF(EZ21<>"",SUM(EY21:EZ21),"") | FC21: =IF('لیست '!K44<>"",'لیست '!K44,"") | FD21: =IF('لیست '!AF44<>"",'لیست '!AF44,"") | FE21: =IF(FD21<>"",SUM(FC21:FD21),"") | FG21: =IF('لیست '!K45<>"",'لیست '!K45,"") | FH21: =IF('لیست '!AF45<>"",'لیست '!AF45,"") | FI21: =IF(FH21<>"",SUM(FG21:FH21),"") | FK21: =IF('لیست '!K46<>"",'لیست '!K46,"") | FL21: =IF('لیست '!AF46<>"",'لیست '!AF46,"") | FM21: =IF(FL21<>"",SUM(FK21:FL21),"") | FO21: =IF('لیست '!K47<>"",'لیست '!K47,"") | FP21: =IF('لیست '!AF47<>"",'لیست '!AF47,"") | FQ21: =IF(FP21<>"",SUM(FO21:FP21),"") | FS21: =IF('لیست '!K48<>"",'لیست '!K48,"") | FT21: =IF('لیست '!AF48<>"",'لیست '!AF48,"") | FU21: =IF(FT21<>"",SUM(FS21:FT21),"") | FW21: =IF('لیست '!K49<>"",'لیست '!K49,"") | FX21: =IF('لیست '!AF49<>"",'لیست '!AF49,"") | FY21: =IF(FX21<>"",SUM(FW21:FX21),"") | GA21: =IF('لیست '!K50<>"",'لیست '!K50,"") | GB21: =IF('لیست '!AF50<>"",'لیست '!AF50,"") | GC21: =IF(GB21<>"",SUM(GA21:GB21),"") | GE21: =IF('لیست '!K51<>"",'لیست '!K51,"") | GF21: =IF('لیست '!AF51<>"",'لیست '!AF51,"") | GG21: =IF(GF21<>"",SUM(GE21:GF21),"") | GI21: =IF('لیست '!K52<>"",'لیست '!K52,"") | GJ21: =IF('لیست '!AF52<>"",'لیست '!AF52,"") | GK21: =IF(GJ21<>"",SUM(GI21:GJ21),"") | GM21: =IF('لیست '!K53<>"",'لیست '!K53,"") | GN21: =IF('لیست '!AF53<>"",'لیست '!AF53,"") | GO21: =IF(GN21<>"",SUM(GM21:GN21),"") | GQ21: =IF('لیست '!K54<>"",'لیست '!K54,"") | GR21: =IF('لیست '!AF54<>"",'لیست '!AF54,"") | GS21: =IF(GR21<>"",SUM(GQ21:GR21),"") | GU21: =IF('لیست '!K55<>"",'لیست '!K55,"") | GV21: =IF('لیست '!AF55<>"",'لیست '!AF55,"") | GW21: =IF(GV21<>"",SUM(GU21:GV21),"") | GY21: =IF('لیست '!K56<>"",'لیست '!K56,"") | GZ21: =IF('لیست '!AF56<>"",'لیست '!AF56,"") | HA21: =IF(GZ21<>"",SUM(GY21:GZ21),"") | HC21: =IF('لیست '!K57<>"",'لیست '!K57,"") | HD21: =IF('لیست '!AF57<>"",'لیست '!AF57,"") | HE21: =IF(HD21<>"",SUM(HC21:HD21),"") | HG21: =IF('لیست '!K58<>"",'لیست '!K58,"") | HH21: =IF('لیست '!AF58<>"",'لیست '!AF58,"") | HI21: =IF(HH21<>"",SUM(HG21:HH21),"") | HK21: =IF('لیست '!K59<>"",'لیست '!K59,"") | HL21: =IF('لیست '!AF59<>"",'لیست '!AF59,"") | HM21: =IF(HL21<>"",SUM(HK21:HL21),"") | HO21: =IF('لیست '!K60<>"",'لیست '!K60,"") | HP21: =IF('لیست '!AF60<>"",'لیست '!AF60,"") | HQ21: =IF(HP21<>"",SUM(HO21:HP21),"") | HS21: =IF('لیست '!K61<>"",'لیست '!K61,"") | HT21: =IF('لیست '!AF61<>"",'لیست '!AF61,"") | HU21: =IF(HT21<>"",SUM(HS21:HT21),"") | HW21: =IF('لیست '!K62<>"",'لیست '!K62,"") | HX21: =IF('لیست '!AF62<>"",'لیست '!AF62,"") | HY21: =IF(HX21<>"",SUM(HW21:HX21),"") | IA21: =IF('لیست '!K63<>"",'لیست '!K63,"") | IB21: =IF('لیست '!AF63<>"",'لیست '!AF63,"") | IC21: =IF(IB21<>"",SUM(IA21:IB21),"") | IE21: =IF('لیست '!K64<>"",'لیست '!K64,"") | IF21: =IF('لیست '!AF64<>"",'لیست '!AF64,"") | IG21: =IF(IF21<>"",SUM(IE21:IF21),"") | II21: =IF('لیست '!K65<>"",'لیست '!K65,"") | IJ21: =IF('لیست '!AF65<>"",'لیست '!AF65,"") | IK21: =IF(IJ21<>"",SUM(II21:IJ21),"") | IM21: =IF('لیست '!K66<>"",'لیست '!K66,"") | IN21: =IF('لیست '!AF66<>"",'لیست '!AF66,"") | IO21: =IF(IN21<>"",SUM(IM21:IN21),"") | IQ21: =IF('لیست '!K67<>"",'لیست '!K67,"") | IR21: =IF('لیست '!AF67<>"",'لیست '!AF67,"") | IS21: =IF(IR21<>"",SUM(IQ21:IR21),"") | IU21: =IF('لیست '!K68<>"",'لیست '!K68,"") | IV21: =IF('لیست '!AF68<>"",'لیست '!AF68,"") | IW21: =IF(IV21<>"",SUM(IU21:IV21),"") | IY21: =IF('لیست '!K69<>"",'لیست '!K69,"") | IZ21: =IF('لیست '!AF69<>"",'لیست '!AF69,"") | JA21: =IF(IZ21<>"",SUM(IY21:IZ21),"") | JC21: =IF('لیست '!K70<>"",'لیست '!K70,"") | JD21: =IF('لیست '!AF70<>"",'لیست '!AF70,"") | JE21: =IF(JD21<>"",SUM(JC21:JD21),"") | JG21: =IF('لیست '!K71<>"",'لیست '!K71,"") | JH21: =IF('لیست '!AF71<>"",'لیست '!AF71,"") | JI21: =IF(JH21<>"",SUM(JG21:JH21),"") | JK21: =IF('لیست '!K72<>"",'لیست '!K72,"") | JL21: =IF('لیست '!AF72<>"",'لیست '!AF72,"") | JM21: =IF(JL21<>"",SUM(JK21:JL21),"") | JO21: =IF('لیست '!K73<>"",'لیست '!K73,"") | JP21: =IF('لیست '!AF73<>"",'لیست '!AF73,"") | JQ21: =IF(JP21<>"",SUM(JO21:JP21),"") | JS21: =IF('لیست '!K74<>"",'لیست '!K74,"") | JT21: =IF('لیست '!AF74<>"",'لیست '!AF74,"") | JU21: =IF(JT21<>"",SUM(JS21:JT21),"") | JW21: =IF('لیست '!K75<>"",'لیست '!K75,"") | JX21: =IF('لیست '!AF75<>"",'لیست '!AF75,"") | JY21: =IF(JX21<>"",SUM(JW21:JX21),"") | KA21: =IF('لیست '!K76<>"",'لیست '!K76,"") | KB21: =IF('لیست '!AF76<>"",'لیست '!AF76,"") | KC21: =IF(KB21<>"",SUM(KA21:KB21),"") | KE21: =IF('لیست '!K77<>"",'لیست '!K77,"") | KF21: =IF('لیست '!AF77<>"",'لیست '!AF77,"") | KG21: =IF(KF21<>"",SUM(KE21:KF21),"") | KI21: =IF('لیست '!K78<>"",'لیست '!K78,"") | KJ21: =IF('لیست '!AF78<>"",'لیست '!AF78,"") | KK21: =IF(KJ21<>"",SUM(KI21:KJ21),"") | KM21: =IF('لیست '!K79<>"",'لیست '!K79,"") | KN21: =IF('لیست '!AF79<>"",'لیست '!AF79,"") | KO21: =IF(KN21<>"",SUM(KM21:KN21),"") | KQ21: =IF('لیست '!K80<>"",'لیست '!K80,"") | KR21: =IF('لیست '!AF80<>"",'لیست '!AF80,"") | KS21: =IF(KR21<>"",SUM(KQ21:KR21),"") | KU21: =IF('لیست '!K81<>"",'لیست '!K81,"") | KV21: =IF('لیست '!AF81<>"",'لیست '!AF81,"") | KW21: =IF(KV21<>"",SUM(KU21:KV21),"") | KY21: =IF('لیست '!K82<>"",'لیست '!K82,"") | KZ21: =IF('لیست '!AF82<>"",'لیست '!AF82,"") | LA21: =IF(KZ21<>"",SUM(KY21:KZ21),"") | LC21: =IF('لیست '!K83<>"",'لیست '!K83,"") | LD21: =IF('لیست '!AF83<>"",'لیست '!AF83,"") | LE21: =IF(LD21<>"",SUM(LC21:LD21),"") | LG21: =IF('لیست '!K84<>"",'لیست '!K84,"") | LH21: =IF('لیست '!AF84<>"",'لیست '!AF84,"") | LI21: =IF(LH21<>"",SUM(LG21:LH21),"") | LK21: =IF('لیست '!K85<>"",'لیست '!K85,"") | LL21: =IF('لیست '!AF85<>"",'لیست '!AF85,"") | LM21: =IF(LL21<>"",SUM(LK21:LL21),"") | LO21: =IF('لیست '!K86<>"",'لیست '!K86,"") | LP21: =IF('لیست '!AF86<>"",'لیست '!AF86,"") | LQ21: =IF(LP21<>"",SUM(LO21:LP21),"") | LS21: =IF('لیست '!K87<>"",'لیست '!K87,"") | LT21: =IF('لیست '!AF87<>"",'لیست '!AF87,"") | LU21: =IF(LT21<>"",SUM(LS21:LT21),"") | LW21: =IF('لیست '!K88<>"",'لیست '!K88,"") | LX21: =IF('لیست '!AF88<>"",'لیست '!AF88,"") | LY21: =IF(LX21<>"",SUM(LW21:LX21),"") | MA21: =IF('لیست '!K89<>"",'لیست '!K89,"") | MB21: =IF('لیست '!AF89<>"",'لیست '!AF89,"") | MC21: =IF(MB21<>"",SUM(MA21:MB21),"") | ME21: =IF('لیست '!K90<>"",'لیست '!K90,"") | MF21: =IF('لیست '!AF90<>"",'لیست '!AF90,"") | MG21: =IF(MF21<>"",SUM(ME21:MF21),"") | MI21: =IF('لیست '!K91<>"",'لیست '!K91,"") | MJ21: =IF('لیست '!AF91<>"",'لیست '!AF91,"") | MK21: =IF(MJ21<>"",SUM(MI21:MJ21),"") | MM21: =IF('لیست '!K92<>"",'لیست '!K92,"") | MN21: =IF('لیست '!AF92<>"",'لیست '!AF92,"") | MO21: =IF(MN21<>"",SUM(MM21:MN21),"") | MQ21: =IF('لیست '!K93<>"",'لیست '!K93,"") | MR21: =IF('لیست '!AF93<>"",'لیست '!AF93,"") | MS21: =IF(MR21<>"",SUM(MQ21:MR21),"") | MU21: =IF('لیست '!K94<>"",'لیست '!K94,"") | MV21: =IF('لیست '!AF94<>"",'لیست '!AF94,"") | MW21: =IF(MV21<>"",SUM(MU21:MV21),"") | MY21: =IF('لیست '!K95<>"",'لیست '!K95,"") | MZ21: =IF('لیست '!AF95<>"",'لیست '!AF95,"") | NA21: =IF(MZ21<>"",SUM(MY21:MZ21),"") | NC21: =IF('لیست '!K96<>"",'لیست '!K96,"") | ND21: =IF('لیست '!AF96<>"",'لیست '!AF96,"") | NE21: =IF(ND21<>"",SUM(NC21:ND21),"") | NG21: =IF('لیست '!K97<>"",'لیست '!K97,"") | NH21: =IF('لیست '!AF97<>"",'لیست '!AF97,"") | NI21: =IF(NH21<>"",SUM(NG21:NH21),"") | NK21: =IF('لیست '!K98<>"",'لیست '!K98,"") | NL21: =IF('لیست '!AF98<>"",'لیست '!AF98,"") | NM21: =IF(NL21<>"",SUM(NK21:NL21),"") | NO21: =IF('لیست '!K99<>"",'لیست '!K99,"") | NP21: =IF('لیست '!AF99<>"",'لیست '!AF99,"") | NQ21: =IF(NP21<>"",SUM(NO21:NP21),"") | NS21: =IF('لیست '!K100<>"",'لیست '!K100,"") | NT21: =IF('لیست '!AF100<>"",'لیست '!AF100,"") | NU21: =IF(NT21<>"",SUM(NS21:NT21),"") | NW21: =IF('لیست '!K101<>"",'لیست '!K101,"") | NX21: =IF('لیست '!AF101<>"",'لیست '!AF101,"") | NY21: =IF(NX21<>"",SUM(NW21:NX21),"") | OA21: =IF('لیست '!K102<>"",'لیست '!K102,"") | OB21: =IF('لیست '!AF102<>"",'لیست '!AF102,"") | OC21: =IF(OB21<>"",SUM(OA21:OB21),"")
A22: ='لیست '!L3 -> دنیات | C22: =IF('لیست '!L5<>"",'لیست '!L5,"") | D22: =IF('لیست '!AG5<>"",'لیست '!AG5,"") | E22: =IF(D22<>"",SUM(C22:D22),"") | G22: =IF('لیست '!L6<>"",'لیست '!L6,"") | H22: =IF('لیست '!AG6<>"",'لیست '!AG6,"") | I22: =IF(H22<>"",SUM(G22:H22),"") | K22: =IF('لیست '!L7<>"",'لیست '!L7,"") | L22: =IF('لیست '!AG7<>"",'لیست '!AG7,"") | M22: =IF(L22<>"",SUM(K22:L22),"") | O22: =IF('لیست '!L8<>"",'لیست '!L8,"") | P22: =IF('لیست '!AG8<>"",'لیست '!AG8,"") | Q22: =IF(P22<>"",SUM(O22:P22),"") | S22: =IF('لیست '!L9<>"",'لیست '!L9,"") | T22: =IF('لیست '!AG9<>"",'لیست '!AG9,"") | U22: =IF(T22<>"",SUM(S22:T22),"") | W22: =IF('لیست '!L10<>"",'لیست '!L10,"") | X22: =IF('لیست '!AG10<>"",'لیست '!AG10,"") | Y22: =IF(X22<>"",SUM(W22:X22),"") | AA22: =IF('لیست '!L11<>"",'لیست '!L11,"") | AB22: =IF('لیست '!AG11<>"",'لیست '!AG11,"") | AC22: =IF(AB22<>"",SUM(AA22:AB22),"") | AE22: =IF('لیست '!L12<>"",'لیست '!L12,"") | AF22: =IF('لیست '!AG12<>"",'لیست '!AG12,"") | AG22: =IF(AF22<>"",SUM(AE22:AF22),"") | AI22: =IF('لیست '!L13<>"",'لیست '!L13,"") | AJ22: =IF('لیست '!AG13<>"",'لیست '!AG13,"") | AK22: =IF(AJ22<>"",SUM(AI22:AJ22),"") | AM22: =IF('لیست '!L14<>"",'لیست '!L14,"") | AN22: =IF('لیست '!AG14<>"",'لیست '!AG14,"") | AO22: =IF(AN22<>"",SUM(AM22:AN22),"") | AQ22: =IF('لیست '!L15<>"",'لیست '!L15,"") | AR22: =IF('لیست '!AG15<>"",'لیست '!AG15,"") | AS22: =IF(AR22<>"",SUM(AQ22:AR22),"") | AU22: =IF('لیست '!L16<>"",'لیست '!L16,"") | AV22: =IF('لیست '!AG16<>"",'لیست '!AG16,"") | AW22: =IF(AV22<>"",SUM(AU22:AV22),"") | AY22: =IF('لیست '!L17<>"",'لیست '!L17,"") | AZ22: =IF('لیست '!AG17<>"",'لیست '!AG17,"") | BA22: =IF(AZ22<>"",SUM(AY22:AZ22),"") | BC22: =IF('لیست '!L18<>"",'لیست '!L18,"") | BD22: =IF('لیست '!AG18<>"",'لیست '!AG18,"") | BE22: =IF(BD22<>"",SUM(BC22:BD22),"") | BG22: =IF('لیست '!L19<>"",'لیست '!L19,"") | BH22: =IF('لیست '!AG19<>"",'لیست '!AG19,"") | BI22: =IF(BH22<>"",SUM(BG22:BH22),"") | BK22: =IF('لیست '!L20<>"",'لیست '!L20,"") | BL22: =IF('لیست '!AG20<>"",'لیست '!AG20,"") | BM22: =IF(BL22<>"",SUM(BK22:BL22),"") | BO22: =IF('لیست '!L21<>"",'لیست '!L21,"") | BP22: =IF('لیست '!AG21<>"",'لیست '!AG21,"") | BQ22: =IF(BP22<>"",SUM(BO22:BP22),"") | BS22: =IF('لیست '!L22<>"",'لیست '!L22,"") | BT22: =IF('لیست '!AG22<>"",'لیست '!AG22,"") | BU22: =IF(BT22<>"",SUM(BS22:BT22),"") | BW22: =IF('لیست '!L23<>"",'لیست '!L23,"") | BX22: =IF('لیست '!AG23<>"",'لیست '!AG23,"") | BY22: =IF(BX22<>"",SUM(BW22:BX22),"") | CA22: =IF('لیست '!L24<>"",'لیست '!L24,"") | CB22: =IF('لیست '!AG24<>"",'لیست '!AG24,"") | CC22: =IF(CB22<>"",SUM(CA22:CB22),"") | CE22: =IF('لیست '!L25<>"",'لیست '!L25,"") | CF22: =IF('لیست '!AG25<>"",'لیست '!AG25,"") | CG22: =IF(CF22<>"",SUM(CE22:CF22),"") | CI22: =IF('لیست '!L26<>"",'لیست '!L26,"") | CJ22: =IF('لیست '!AG26<>"",'لیست '!AG26,"") | CK22: =IF(CJ22<>"",SUM(CI22:CJ22),"") | CM22: =IF('لیست '!L27<>"",'لیست '!L27,"") | CN22: =IF('لیست '!AG27<>"",'لیست '!AG27,"") | CO22: =IF(CN22<>"",SUM(CM22:CN22),"") | CQ22: =IF('لیست '!L28<>"",'لیست '!L28,"") | CR22: =IF('لیست '!AG28<>"",'لیست '!AG28,"") | CS22: =IF(CR22<>"",SUM(CQ22:CR22),"") | CU22: =IF('لیست '!L29<>"",'لیست '!L29,"") | CV22: =IF('لیست '!AG29<>"",'لیست '!AG29,"") | CW22: =IF(CV22<>"",SUM(CU22:CV22),"") | CY22: =IF('لیست '!L30<>"",'لیست '!L30,"") | CZ22: =IF('لیست '!AG30<>"",'لیست '!AG30,"") | DA22: =IF(CZ22<>"",SUM(CY22:CZ22),"") | DC22: =IF('لیست '!L31<>"",'لیست '!L31,"") | DD22: =IF('لیست '!AG31<>"",'لیست '!AG31,"") | DE22: =IF(DD22<>"",SUM(DC22:DD22),"") | DG22: =IF('لیست '!L32<>"",'لیست '!L32,"") | DH22: =IF('لیست '!AG32<>"",'لیست '!AG32,"") | DI22: =IF(DH22<>"",SUM(DG22:DH22),"") | DK22: =IF('لیست '!L33<>"",'لیست '!L33,"") | DL22: =IF('لیست '!AG33<>"",'لیست '!AG33,"") | DM22: =IF(DL22<>"",SUM(DK22:DL22),"") | DO22: =IF('لیست '!L34<>"",'لیست '!L34,"") | DP22: =IF('لیست '!AG34<>"",'لیست '!AG34,"") | DQ22: =IF(DP22<>"",SUM(DO22:DP22),"") | DS22: =IF('لیست '!L35<>"",'لیست '!L35,"") | DT22: =IF('لیست '!AG35<>"",'لیست '!AG35,"") | DU22: =IF(DT22<>"",SUM(DS22:DT22),"") | DW22: =IF('لیست '!L36<>"",'لیست '!L36,"") | DX22: =IF('لیست '!AG36<>"",'لیست '!AG36,"") | DY22: =IF(DX22<>"",SUM(DW22:DX22),"") | EA22: =IF('لیست '!L37<>"",'لیست '!L37,"") | EB22: =IF('لیست '!AG37<>"",'لیست '!AG37,"") | EC22: =IF(EB22<>"",SUM(EA22:EB22),"") | EE22: =IF('لیست '!L38<>"",'لیست '!L38,"") | EF22: =IF('لیست '!AG38<>"",'لیست '!AG38,"") | EG22: =IF(EF22<>"",SUM(EE22:EF22),"") | EI22: =IF('لیست '!L39<>"",'لیست '!L39,"") | EJ22: =IF('لیست '!AG39<>"",'لیست '!AG39,"") | EK22: =IF(EJ22<>"",SUM(EI22:EJ22),"") | EM22: =IF('لیست '!L40<>"",'لیست '!L40,"") | EN22: =IF('لیست '!AG40<>"",'لیست '!AG40,"") | EO22: =IF(EN22<>"",SUM(EM22:EN22),"") | EQ22: =IF('لیست '!L41<>"",'لیست '!L41,"") | ER22: =IF('لیست '!AG41<>"",'لیست '!AG41,"") | ES22: =IF(ER22<>"",SUM(EQ22:ER22),"") | EU22: =IF('لیست '!L42<>"",'لیست '!L42,"") | EV22: =IF('لیست '!AG42<>"",'لیست '!AG42,"") | EW22: =IF(EV22<>"",SUM(EU22:EV22),"") | EY22: =IF('لیست '!L43<>"",'لیست '!L43,"") | EZ22: =IF('لیست '!AG43<>"",'لیست '!AG43,"") | FA22: =IF(EZ22<>"",SUM(EY22:EZ22),"") | FC22: =IF('لیست '!L44<>"",'لیست '!L44,"") | FD22: =IF('لیست '!AG44<>"",'لیست '!AG44,"") | FE22: =IF(FD22<>"",SUM(FC22:FD22),"") | FG22: =IF('لیست '!L45<>"",'لیست '!L45,"") | FH22: =IF('لیست '!AG45<>"",'لیست '!AG45,"") | FI22: =IF(FH22<>"",SUM(FG22:FH22),"") | FK22: =IF('لیست '!L46<>"",'لیست '!L46,"") | FL22: =IF('لیست '!AG46<>"",'لیست '!AG46,"") | FM22: =IF(FL22<>"",SUM(FK22:FL22),"") | FO22: =IF('لیست '!L47<>"",'لیست '!L47,"") | FP22: =IF('لیست '!AG47<>"",'لیست '!AG47,"") | FQ22: =IF(FP22<>"",SUM(FO22:FP22),"") | FS22: =IF('لیست '!L48<>"",'لیست '!L48,"") | FT22: =IF('لیست '!AG48<>"",'لیست '!AG48,"") | FU22: =IF(FT22<>"",SUM(FS22:FT22),"") | FW22: =IF('لیست '!L49<>"",'لیست '!L49,"") | FX22: =IF('لیست '!AG49<>"",'لیست '!AG49,"") | FY22: =IF(FX22<>"",SUM(FW22:FX22),"") | GA22: =IF('لیست '!L50<>"",'لیست '!L50,"") | GB22: =IF('لیست '!AG50<>"",'لیست '!AG50,"") | GC22: =IF(GB22<>"",SUM(GA22:GB22),"") | GE22: =IF('لیست '!L51<>"",'لیست '!L51,"") | GF22: =IF('لیست '!AG51<>"",'لیست '!AG51,"") | GG22: =IF(GF22<>"",SUM(GE22:GF22),"") | GI22: =IF('لیست '!L52<>"",'لیست '!L52,"") | GJ22: =IF('لیست '!AG52<>"",'لیست '!AG52,"") | GK22: =IF(GJ22<>"",SUM(GI22:GJ22),"") | GM22: =IF('لیست '!L53<>"",'لیست '!L53,"") | GN22: =IF('لیست '!AG53<>"",'لیست '!AG53,"") | GO22: =IF(GN22<>"",SUM(GM22:GN22),"") | GQ22: =IF('لیست '!L54<>"",'لیست '!L54,"") | GR22: =IF('لیست '!AG54<>"",'لیست '!AG54,"") | GS22: =IF(GR22<>"",SUM(GQ22:GR22),"") | GU22: =IF('لیست '!L55<>"",'لیست '!L55,"") | GV22: =IF('لیست '!AG55<>"",'لیست '!AG55,"") | GW22: =IF(GV22<>"",SUM(GU22:GV22),"") | GY22: =IF('لیست '!L56<>"",'لیست '!L56,"") | GZ22: =IF('لیست '!AG56<>"",'لیست '!AG56,"") | HA22: =IF(GZ22<>"",SUM(GY22:GZ22),"") | HC22: =IF('لیست '!L57<>"",'لیست '!L57,"") | HD22: =IF('لیست '!AG57<>"",'لیست '!AG57,"") | HE22: =IF(HD22<>"",SUM(HC22:HD22),"") | HG22: =IF('لیست '!L58<>"",'لیست '!L58,"") | HH22: =IF('لیست '!AG58<>"",'لیست '!AG58,"") | HI22: =IF(HH22<>"",SUM(HG22:HH22),"") | HK22: =IF('لیست '!L59<>"",'لیست '!L59,"") | HL22: =IF('لیست '!AG59<>"",'لیست '!AG59,"") | HM22: =IF(HL22<>"",SUM(HK22:HL22),"") | HO22: =IF('لیست '!L60<>"",'لیست '!L60,"") | HP22: =IF('لیست '!AG60<>"",'لیست '!AG60,"") | HQ22: =IF(HP22<>"",SUM(HO22:HP22),"") | HS22: =IF('لیست '!L61<>"",'لیست '!L61,"") | HT22: =IF('لیست '!AG61<>"",'لیست '!AG61,"") | HU22: =IF(HT22<>"",SUM(HS22:HT22),"") | HW22: =IF('لیست '!L62<>"",'لیست '!L62,"") | HX22: =IF('لیست '!AG62<>"",'لیست '!AG62,"") | HY22: =IF(HX22<>"",SUM(HW22:HX22),"") | IA22: =IF('لیست '!L63<>"",'لیست '!L63,"") | IB22: =IF('لیست '!AG63<>"",'لیست '!AG63,"") | IC22: =IF(IB22<>"",SUM(IA22:IB22),"") | IE22: =IF('لیست '!L64<>"",'لیست '!L64,"") | IF22: =IF('لیست '!AG64<>"",'لیست '!AG64,"") | IG22: =IF(IF22<>"",SUM(IE22:IF22),"") | II22: =IF('لیست '!L65<>"",'لیست '!L65,"") | IJ22: =IF('لیست '!AG65<>"",'لیست '!AG65,"") | IK22: =IF(IJ22<>"",SUM(II22:IJ22),"") | IM22: =IF('لیست '!L66<>"",'لیست '!L66,"") | IN22: =IF('لیست '!AG66<>"",'لیست '!AG66,"") | IO22: =IF(IN22<>"",SUM(IM22:IN22),"") | IQ22: =IF('لیست '!L67<>"",'لیست '!L67,"") | IR22: =IF('لیست '!AG67<>"",'لیست '!AG67,"") | IS22: =IF(IR22<>"",SUM(IQ22:IR22),"") | IU22: =IF('لیست '!L68<>"",'لیست '!L68,"") | IV22: =IF('لیست '!AG68<>"",'لیست '!AG68,"") | IW22: =IF(IV22<>"",SUM(IU22:IV22),"") | IY22: =IF('لیست '!L69<>"",'لیست '!L69,"") | IZ22: =IF('لیست '!AG69<>"",'لیست '!AG69,"") | JA22: =IF(IZ22<>"",SUM(IY22:IZ22),"") | JC22: =IF('لیست '!L70<>"",'لیست '!L70,"") | JD22: =IF('لیست '!AG70<>"",'لیست '!AG70,"") | JE22: =IF(JD22<>"",SUM(JC22:JD22),"") | JG22: =IF('لیست '!L71<>"",'لیست '!L71,"") | JH22: =IF('لیست '!AG71<>"",'لیست '!AG71,"") | JI22: =IF(JH22<>"",SUM(JG22:JH22),"") | JK22: =IF('لیست '!L72<>"",'لیست '!L72,"") | JL22: =IF('لیست '!AG72<>"",'لیست '!AG72,"") | JM22: =IF(JL22<>"",SUM(JK22:JL22),"") | JO22: =IF('لیست '!L73<>"",'لیست '!L73,"") | JP22: =IF('لیست '!AG73<>"",'لیست '!AG73,"") | JQ22: =IF(JP22<>"",SUM(JO22:JP22),"") | JS22: =IF('لیست '!L74<>"",'لیست '!L74,"") | JT22: =IF('لیست '!AG74<>"",'لیست '!AG74,"") | JU22: =IF(JT22<>"",SUM(JS22:JT22),"") | JW22: =IF('لیست '!L75<>"",'لیست '!L75,"") | JX22: =IF('لیست '!AG75<>"",'لیست '!AG75,"") | JY22: =IF(JX22<>"",SUM(JW22:JX22),"") | KA22: =IF('لیست '!L76<>"",'لیست '!L76,"") | KB22: =IF('لیست '!AG76<>"",'لیست '!AG76,"") | KC22: =IF(KB22<>"",SUM(KA22:KB22),"") | KE22: =IF('لیست '!L77<>"",'لیست '!L77,"") | KF22: =IF('لیست '!AG77<>"",'لیست '!AG77,"") | KG22: =IF(KF22<>"",SUM(KE22:KF22),"") | KI22: =IF('لیست '!L78<>"",'لیست '!L78,"") | KJ22: =IF('لیست '!AG78<>"",'لیست '!AG78,"") | KK22: =IF(KJ22<>"",SUM(KI22:KJ22),"") | KM22: =IF('لیست '!L79<>"",'لیست '!L79,"") | KN22: =IF('لیست '!AG79<>"",'لیست '!AG79,"") | KO22: =IF(KN22<>"",SUM(KM22:KN22),"") | KQ22: =IF('لیست '!L80<>"",'لیست '!L80,"") | KR22: =IF('لیست '!AG80<>"",'لیست '!AG80,"") | KS22: =IF(KR22<>"",SUM(KQ22:KR22),"") | KU22: =IF('لیست '!L81<>"",'لیست '!L81,"") | KV22: =IF('لیست '!AG81<>"",'لیست '!AG81,"") | KW22: =IF(KV22<>"",SUM(KU22:KV22),"") | KY22: =IF('لیست '!L82<>"",'لیست '!L82,"") | KZ22: =IF('لیست '!AG82<>"",'لیست '!AG82,"") | LA22: =IF(KZ22<>"",SUM(KY22:KZ22),"") | LC22: =IF('لیست '!L83<>"",'لیست '!L83,"") | LD22: =IF('لیست '!AG83<>"",'لیست '!AG83,"") | LE22: =IF(LD22<>"",SUM(LC22:LD22),"") | LG22: =IF('لیست '!L84<>"",'لیست '!L84,"") | LH22: =IF('لیست '!AG84<>"",'لیست '!AG84,"") | LI22: =IF(LH22<>"",SUM(LG22:LH22),"") | LK22: =IF('لیست '!L85<>"",'لیست '!L85,"") | LL22: =IF('لیست '!AG85<>"",'لیست '!AG85,"") | LM22: =IF(LL22<>"",SUM(LK22:LL22),"") | LO22: =IF('لیست '!L86<>"",'لیست '!L86,"") | LP22: =IF('لیست '!AG86<>"",'لیست '!AG86,"") | LQ22: =IF(LP22<>"",SUM(LO22:LP22),"") | LS22: =IF('لیست '!L87<>"",'لیست '!L87,"") | LT22: =IF('لیست '!AG87<>"",'لیست '!AG87,"") | LU22: =IF(LT22<>"",SUM(LS22:LT22),"") | LW22: =IF('لیست '!L88<>"",'لیست '!L88,"") | LX22: =IF('لیست '!AG88<>"",'لیست '!AG88,"") | LY22: =IF(LX22<>"",SUM(LW22:LX22),"") | MA22: =IF('لیست '!L89<>"",'لیست '!L89,"") | MB22: =IF('لیست '!AG89<>"",'لیست '!AG89,"") | MC22: =IF(MB22<>"",SUM(MA22:MB22),"") | ME22: =IF('لیست '!L90<>"",'لیست '!L90,"") | MF22: =IF('لیست '!AG90<>"",'لیست '!AG90,"") | MG22: =IF(MF22<>"",SUM(ME22:MF22),"") | MI22: =IF('لیست '!L91<>"",'لیست '!L91,"") | MJ22: =IF('لیست '!AG91<>"",'لیست '!AG91,"") | MK22: =IF(MJ22<>"",SUM(MI22:MJ22),"") | MM22: =IF('لیست '!L92<>"",'لیست '!L92,"") | MN22: =IF('لیست '!AG92<>"",'لیست '!AG92,"") | MO22: =IF(MN22<>"",SUM(MM22:MN22),"") | MQ22: =IF('لیست '!L93<>"",'لیست '!L93,"") | MR22: =IF('لیست '!AG93<>"",'لیست '!AG93,"") | MS22: =IF(MR22<>"",SUM(MQ22:MR22),"") | MU22: =IF('لیست '!L94<>"",'لیست '!L94,"") | MV22: =IF('لیست '!AG94<>"",'لیست '!AG94,"") | MW22: =IF(MV22<>"",SUM(MU22:MV22),"") | MY22: =IF('لیست '!L95<>"",'لیست '!L95,"") | MZ22: =IF('لیست '!AG95<>"",'لیست '!AG95,"") | NA22: =IF(MZ22<>"",SUM(MY22:MZ22),"") | NC22: =IF('لیست '!L96<>"",'لیست '!L96,"") | ND22: =IF('لیست '!AG96<>"",'لیست '!AG96,"") | NE22: =IF(ND22<>"",SUM(NC22:ND22),"") | NG22: =IF('لیست '!L97<>"",'لیست '!L97,"") | NH22: =IF('لیست '!AG97<>"",'لیست '!AG97,"") | NI22: =IF(NH22<>"",SUM(NG22:NH22),"") | NK22: =IF('لیست '!L98<>"",'لیست '!L98,"") | NL22: =IF('لیست '!AG98<>"",'لیست '!AG98,"") | NM22: =IF(NL22<>"",SUM(NK22:NL22),"") | NO22: =IF('لیست '!L99<>"",'لیست '!L99,"") | NP22: =IF('لیست '!AG99<>"",'لیست '!AG99,"") | NQ22: =IF(NP22<>"",SUM(NO22:NP22),"") | NS22: =IF('لیست '!L100<>"",'لیست '!L100,"") | NT22: =IF('لیست '!AG100<>"",'لیست '!AG100,"") | NU22: =IF(NT22<>"",SUM(NS22:NT22),"") | NW22: =IF('لیست '!L101<>"",'لیست '!L101,"") | NX22: =IF('لیست '!AG101<>"",'لیست '!AG101,"") | NY22: =IF(NX22<>"",SUM(NW22:NX22),"") | OA22: =IF('لیست '!L102<>"",'لیست '!L102,"") | OB22: =IF('لیست '!AG102<>"",'لیست '!AG102,"") | OC22: =IF(OB22<>"",SUM(OA22:OB22),"")
A23: ='لیست '!M3 -> دری | C23: =IF('لیست '!M5<>"",'لیست '!M5,"") | D23: =IF('لیست '!AH5<>"",'لیست '!AH5,"") | E23: =IF(D23<>"",SUM(C23:D23),"") | G23: =IF('لیست '!M6<>"",'لیست '!M6,"") | H23: =IF('لیست '!AH6<>"",'لیست '!AH6,"") | I23: =IF(H23<>"",SUM(G23:H23),"") | K23: =IF('لیست '!M7<>"",'لیست '!M7,"") | L23: =IF('لیست '!AH7<>"",'لیست '!AH7,"") | M23: =IF(L23<>"",SUM(K23:L23),"") | O23: =IF('لیست '!M8<>"",'لیست '!M8,"") | P23: =IF('لیست '!AH8<>"",'لیست '!AH8,"") | Q23: =IF(P23<>"",SUM(O23:P23),"") | S23: =IF('لیست '!M9<>"",'لیست '!M9,"") | T23: =IF('لیست '!AH9<>"",'لیست '!AH9,"") | U23: =IF(T23<>"",SUM(S23:T23),"") | W23: =IF('لیست '!M10<>"",'لیست '!M10,"") | X23: =IF('لیست '!AH10<>"",'لیست '!AH10,"") | Y23: =IF(X23<>"",SUM(W23:X23),"") | AA23: =IF('لیست '!M11<>"",'لیست '!M11,"") | AB23: =IF('لیست '!AH11<>"",'لیست '!AH11,"") | AC23: =IF(AB23<>"",SUM(AA23:AB23),"") | AE23: =IF('لیست '!M12<>"",'لیست '!M12,"") | AF23: =IF('لیست '!AH12<>"",'لیست '!AH12,"") | AG23: =IF(AF23<>"",SUM(AE23:AF23),"") | AI23: =IF('لیست '!M13<>"",'لیست '!M13,"") | AJ23: =IF('لیست '!AH13<>"",'لیست '!AH13,"") | AK23: =IF(AJ23<>"",SUM(AI23:AJ23),"") | AM23: =IF('لیست '!M14<>"",'لیست '!M14,"") | AN23: =IF('لیست '!AH14<>"",'لیست '!AH14,"") | AO23: =IF(AN23<>"",SUM(AM23:AN23),"") | AQ23: =IF('لیست '!M15<>"",'لیست '!M15,"") | AR23: =IF('لیست '!AH15<>"",'لیست '!AH15,"") | AS23: =IF(AR23<>"",SUM(AQ23:AR23),"") | AU23: =IF('لیست '!M16<>"",'لیست '!M16,"") | AV23: =IF('لیست '!AH16<>"",'لیست '!AH16,"") | AW23: =IF(AV23<>"",SUM(AU23:AV23),"") | AY23: =IF('لیست '!M17<>"",'لیست '!M17,"") | AZ23: =IF('لیست '!AH17<>"",'لیست '!AH17,"") | BA23: =IF(AZ23<>"",SUM(AY23:AZ23),"") | BC23: =IF('لیست '!M18<>"",'لیست '!M18,"") | BD23: =IF('لیست '!AH18<>"",'لیست '!AH18,"") | BE23: =IF(BD23<>"",SUM(BC23:BD23),"") | BG23: =IF('لیست '!M19<>"",'لیست '!M19,"") | BH23: =IF('لیست '!AH19<>"",'لیست '!AH19,"") | BI23: =IF(BH23<>"",SUM(BG23:BH23),"") | BK23: =IF('لیست '!M20<>"",'لیست '!M20,"") | BL23: =IF('لیست '!AH20<>"",'لیست '!AH20,"") | BM23: =IF(BL23<>"",SUM(BK23:BL23),"") | BO23: =IF('لیست '!M21<>"",'لیست '!M21,"") | BP23: =IF('لیست '!AH21<>"",'لیست '!AH21,"") | BQ23: =IF(BP23<>"",SUM(BO23:BP23),"") | BS23: =IF('لیست '!M22<>"",'لیست '!M22,"") | BT23: =IF('لیست '!AH22<>"",'لیست '!AH22,"") | BU23: =IF(BT23<>"",SUM(BS23:BT23),"") | BW23: =IF('لیست '!M23<>"",'لیست '!M23,"") | BX23: =IF('لیست '!AH23<>"",'لیست '!AH23,"") | BY23: =IF(BX23<>"",SUM(BW23:BX23),"") | CA23: =IF('لیست '!M24<>"",'لیست '!M24,"") | CB23: =IF('لیست '!AH24<>"",'لیست '!AH24,"") | CC23: =IF(CB23<>"",SUM(CA23:CB23),"") | CE23: =IF('لیست '!M25<>"",'لیست '!M25,"") | CF23: =IF('لیست '!AH25<>"",'لیست '!AH25,"") | CG23: =IF(CF23<>"",SUM(CE23:CF23),"") | CI23: =IF('لیست '!M26<>"",'لیست '!M26,"") | CJ23: =IF('لیست '!AH26<>"",'لیست '!AH26,"") | CK23: =IF(CJ23<>"",SUM(CI23:CJ23),"") | CM23: =IF('لیست '!M27<>"",'لیست '!M27,"") | CN23: =IF('لیست '!AH27<>"",'لیست '!AH27,"") | CO23: =IF(CN23<>"",SUM(CM23:CN23),"") | CQ23: =IF('لیست '!M28<>"",'لیست '!M28,"") | CR23: =IF('لیست '!AH28<>"",'لیست '!AH28,"") | CS23: =IF(CR23<>"",SUM(CQ23:CR23),"") | CU23: =IF('لیست '!M29<>"",'لیست '!M29,"") | CV23: =IF('لیست '!AH29<>"",'لیست '!AH29,"") | CW23: =IF(CV23<>"",SUM(CU23:CV23),"") | CY23: =IF('لیست '!M30<>"",'لیست '!M30,"") | CZ23: =IF('لیست '!AH30<>"",'لیست '!AH30,"") | DA23: =IF(CZ23<>"",SUM(CY23:CZ23),"") | DC23: =IF('لیست '!M31<>"",'لیست '!M31,"") | DD23: =IF('لیست '!AH31<>"",'لیست '!AH31,"") | DE23: =IF(DD23<>"",SUM(DC23:DD23),"") | DG23: =IF('لیست '!M32<>"",'لیست '!M32,"") | DH23: =IF('لیست '!AH32<>"",'لیست '!AH32,"") | DI23: =IF(DH23<>"",SUM(DG23:DH23),"") | DK23: =IF('لیست '!M33<>"",'لیست '!M33,"") | DL23: =IF('لیست '!AH33<>"",'لیست '!AH33,"") | DM23: =IF(DL23<>"",SUM(DK23:DL23),"") | DO23: =IF('لیست '!M34<>"",'لیست '!M34,"") | DP23: =IF('لیست '!AH34<>"",'لیست '!AH34,"") | DQ23: =IF(DP23<>"",SUM(DO23:DP23),"") | DS23: =IF('لیست '!M35<>"",'لیست '!M35,"") | DT23: =IF('لیست '!AH35<>"",'لیست '!AH35,"") | DU23: =IF(DT23<>"",SUM(DS23:DT23),"") | DW23: =IF('لیست '!M36<>"",'لیست '!M36,"") | DX23: =IF('لیست '!AH36<>"",'لیست '!AH36,"") | DY23: =IF(DX23<>"",SUM(DW23:DX23),"") | EA23: =IF('لیست '!M37<>"",'لیست '!M37,"") | EB23: =IF('لیست '!AH37<>"",'لیست '!AH37,"") | EC23: =IF(EB23<>"",SUM(EA23:EB23),"") | EE23: =IF('لیست '!M38<>"",'لیست '!M38,"") | EF23: =IF('لیست '!AH38<>"",'لیست '!AH38,"") | EG23: =IF(EF23<>"",SUM(EE23:EF23),"") | EI23: =IF('لیست '!M39<>"",'لیست '!M39,"") | EJ23: =IF('لیست '!AH39<>"",'لیست '!AH39,"") | EK23: =IF(EJ23<>"",SUM(EI23:EJ23),"") | EM23: =IF('لیست '!M40<>"",'لیست '!M40,"") | EN23: =IF('لیست '!AH40<>"",'لیست '!AH40,"") | EO23: =IF(EN23<>"",SUM(EM23:EN23),"") | EQ23: =IF('لیست '!M41<>"",'لیست '!M41,"") | ER23: =IF('لیست '!AH41<>"",'لیست '!AH41,"") | ES23: =IF(ER23<>"",SUM(EQ23:ER23),"") | EU23: =IF('لیست '!M42<>"",'لیست '!M42,"") | EV23: =IF('لیست '!AH42<>"",'لیست '!AH42,"") | EW23: =IF(EV23<>"",SUM(EU23:EV23),"") | EY23: =IF('لیست '!M43<>"",'لیست '!M43,"") | EZ23: =IF('لیست '!AH43<>"",'لیست '!AH43,"") | FA23: =IF(EZ23<>"",SUM(EY23:EZ23),"") | FC23: =IF('لیست '!M44<>"",'لیست '!M44,"") | FD23: =IF('لیست '!AH44<>"",'لیست '!AH44,"") | FE23: =IF(FD23<>"",SUM(FC23:FD23),"") | FG23: =IF('لیست '!M45<>"",'لیست '!M45,"") | FH23: =IF('لیست '!AH45<>"",'لیست '!AH45,"") | FI23: =IF(FH23<>"",SUM(FG23:FH23),"") | FK23: =IF('لیست '!M46<>"",'لیست '!M46,"") | FL23: =IF('لیست '!AH46<>"",'لیست '!AH46,"") | FM23: =IF(FL23<>"",SUM(FK23:FL23),"") | FO23: =IF('لیست '!M47<>"",'لیست '!M47,"") | FP23: =IF('لیست '!AH47<>"",'لیست '!AH47,"") | FQ23: =IF(FP23<>"",SUM(FO23:FP23),"") | FS23: =IF('لیست '!M48<>"",'لیست '!M48,"") | FT23: =IF('لیست '!AH48<>"",'لیست '!AH48,"") | FU23: =IF(FT23<>"",SUM(FS23:FT23),"") | FW23: =IF('لیست '!M49<>"",'لیست '!M49,"") | FX23: =IF('لیست '!AH49<>"",'لیست '!AH49,"") | FY23: =IF(FX23<>"",SUM(FW23:FX23),"") | GA23: =IF('لیست '!M50<>"",'لیست '!M50,"") | GB23: =IF('لیست '!AH50<>"",'لیست '!AH50,"") | GC23: =IF(GB23<>"",SUM(GA23:GB23),"") | GE23: =IF('لیست '!M51<>"",'لیست '!M51,"") | GF23: =IF('لیست '!AH51<>"",'لیست '!AH51,"") | GG23: =IF(GF23<>"",SUM(GE23:GF23),"") | GI23: =IF('لیست '!M52<>"",'لیست '!M52,"") | GJ23: =IF('لیست '!AH52<>"",'لیست '!AH52,"") | GK23: =IF(GJ23<>"",SUM(GI23:GJ23),"") | GM23: =IF('لیست '!M53<>"",'لیست '!M53,"") | GN23: =IF('لیست '!AH53<>"",'لیست '!AH53,"") | GO23: =IF(GN23<>"",SUM(GM23:GN23),"") | GQ23: =IF('لیست '!M54<>"",'لیست '!M54,"") | GR23: =IF('لیست '!AH54<>"",'لیست '!AH54,"") | GS23: =IF(GR23<>"",SUM(GQ23:GR23),"") | GU23: =IF('لیست '!M55<>"",'لیست '!M55,"") | GV23: =IF('لیست '!AH55<>"",'لیست '!AH55,"") | GW23: =IF(GV23<>"",SUM(GU23:GV23),"") | GY23: =IF('لیست '!M56<>"",'لیست '!M56,"") | GZ23: =IF('لیست '!AH56<>"",'لیست '!AH56,"") | HA23: =IF(GZ23<>"",SUM(GY23:GZ23),"") | HC23: =IF('لیست '!M57<>"",'لیست '!M57,"") | HD23: =IF('لیست '!AH57<>"",'لیست '!AH57,"") | HE23: =IF(HD23<>"",SUM(HC23:HD23),"") | HG23: =IF('لیست '!M58<>"",'لیست '!M58,"") | HH23: =IF('لیست '!AH58<>"",'لیست '!AH58,"") | HI23: =IF(HH23<>"",SUM(HG23:HH23),"") | HK23: =IF('لیست '!M59<>"",'لیست '!M59,"") | HL23: =IF('لیست '!AH59<>"",'لیست '!AH59,"") | HM23: =IF(HL23<>"",SUM(HK23:HL23),"") | HO23: =IF('لیست '!M60<>"",'لیست '!M60,"") | HP23: =IF('لیست '!AH60<>"",'لیست '!AH60,"") | HQ23: =IF(HP23<>"",SUM(HO23:HP23),"") | HS23: =IF('لیست '!M61<>"",'لیست '!M61,"") | HT23: =IF('لیست '!AH61<>"",'لیست '!AH61,"") | HU23: =IF(HT23<>"",SUM(HS23:HT23),"") | HW23: =IF('لیست '!M62<>"",'لیست '!M62,"") | HX23: =IF('لیست '!AH62<>"",'لیست '!AH62,"") | HY23: =IF(HX23<>"",SUM(HW23:HX23),"") | IA23: =IF('لیست '!M63<>"",'لیست '!M63,"") | IB23: =IF('لیست '!AH63<>"",'لیست '!AH63,"") | IC23: =IF(IB23<>"",SUM(IA23:IB23),"") | IE23: =IF('لیست '!M64<>"",'لیست '!M64,"") | IF23: =IF('لیست '!AH64<>"",'لیست '!AH64,"") | IG23: =IF(IF23<>"",SUM(IE23:IF23),"") | II23: =IF('لیست '!M65<>"",'لیست '!M65,"") | IJ23: =IF('لیست '!AH65<>"",'لیست '!AH65,"") | IK23: =IF(IJ23<>"",SUM(II23:IJ23),"") | IM23: =IF('لیست '!M66<>"",'لیست '!M66,"") | IN23: =IF('لیست '!AH66<>"",'لیست '!AH66,"") | IO23: =IF(IN23<>"",SUM(IM23:IN23),"") | IQ23: =IF('لیست '!M67<>"",'لیست '!M67,"") | IR23: =IF('لیست '!AH67<>"",'لیست '!AH67,"") | IS23: =IF(IR23<>"",SUM(IQ23:IR23),"") | IU23: =IF('لیست '!M68<>"",'لیست '!M68,"") | IV23: =IF('لیست '!AH68<>"",'لیست '!AH68,"") | IW23: =IF(IV23<>"",SUM(IU23:IV23),"") | IY23: =IF('لیست '!M69<>"",'لیست '!M69,"") | IZ23: =IF('لیست '!AH69<>"",'لیست '!AH69,"") | JA23: =IF(IZ23<>"",SUM(IY23:IZ23),"") | JC23: =IF('لیست '!M70<>"",'لیست '!M70,"") | JD23: =IF('لیست '!AH70<>"",'لیست '!AH70,"") | JE23: =IF(JD23<>"",SUM(JC23:JD23),"") | JG23: =IF('لیست '!M71<>"",'لیست '!M71,"") | JH23: =IF('لیست '!AH71<>"",'لیست '!AH71,"") | JI23: =IF(JH23<>"",SUM(JG23:JH23),"") | JK23: =IF('لیست '!M72<>"",'لیست '!M72,"") | JL23: =IF('لیست '!AH72<>"",'لیست '!AH72,"") | JM23: =IF(JL23<>"",SUM(JK23:JL23),"") | JO23: =IF('لیست '!M73<>"",'لیست '!M73,"") | JP23: =IF('لیست '!AH73<>"",'لیست '!AH73,"") | JQ23: =IF(JP23<>"",SUM(JO23:JP23),"") | JS23: =IF('لیست '!M74<>"",'لیست '!M74,"") | JT23: =IF('لیست '!AH74<>"",'لیست '!AH74,"") | JU23: =IF(JT23<>"",SUM(JS23:JT23),"") | JW23: =IF('لیست '!M75<>"",'لیست '!M75,"") | JX23: =IF('لیست '!AH75<>"",'لیست '!AH75,"") | JY23: =IF(JX23<>"",SUM(JW23:JX23),"") | KA23: =IF('لیست '!M76<>"",'لیست '!M76,"") | KB23: =IF('لیست '!AH76<>"",'لیست '!AH76,"") | KC23: =IF(KB23<>"",SUM(KA23:KB23),"") | KE23: =IF('لیست '!M77<>"",'لیست '!M77,"") | KF23: =IF('لیست '!AH77<>"",'لیست '!AH77,"") | KG23: =IF(KF23<>"",SUM(KE23:KF23),"") | KI23: =IF('لیست '!M78<>"",'لیست '!M78,"") | KJ23: =IF('لیست '!AH78<>"",'لیست '!AH78,"") | KK23: =IF(KJ23<>"",SUM(KI23:KJ23),"") | KM23: =IF('لیست '!M79<>"",'لیست '!M79,"") | KN23: =IF('لیست '!AH79<>"",'لیست '!AH79,"") | KO23: =IF(KN23<>"",SUM(KM23:KN23),"") | KQ23: =IF('لیست '!M80<>"",'لیست '!M80,"") | KR23: =IF('لیست '!AH80<>"",'لیست '!AH80,"") | KS23: =IF(KR23<>"",SUM(KQ23:KR23),"") | KU23: =IF('لیست '!M81<>"",'لیست '!M81,"") | KV23: =IF('لیست '!AH81<>"",'لیست '!AH81,"") | KW23: =IF(KV23<>"",SUM(KU23:KV23),"") | KY23: =IF('لیست '!M82<>"",'لیست '!M82,"") | KZ23: =IF('لیست '!AH82<>"",'لیست '!AH82,"") | LA23: =IF(KZ23<>"",SUM(KY23:KZ23),"") | LC23: =IF('لیست '!M83<>"",'لیست '!M83,"") | LD23: =IF('لیست '!AH83<>"",'لیست '!AH83,"") | LE23: =IF(LD23<>"",SUM(LC23:LD23),"") | LG23: =IF('لیست '!M84<>"",'لیست '!M84,"") | LH23: =IF('لیست '!AH84<>"",'لیست '!AH84,"") | LI23: =IF(LH23<>"",SUM(LG23:LH23),"") | LK23: =IF('لیست '!M85<>"",'لیست '!M85,"") | LL23: =IF('لیست '!AH85<>"",'لیست '!AH85,"") | LM23: =IF(LL23<>"",SUM(LK23:LL23),"") | LO23: =IF('لیست '!M86<>"",'لیست '!M86,"") | LP23: =IF('لیست '!AH86<>"",'لیست '!AH86,"") | LQ23: =IF(LP23<>"",SUM(LO23:LP23),"") | LS23: =IF('لیست '!M87<>"",'لیست '!M87,"") | LT23: =IF('لیست '!AH87<>"",'لیست '!AH87,"") | LU23: =IF(LT23<>"",SUM(LS23:LT23),"") | LW23: =IF('لیست '!M88<>"",'لیست '!M88,"") | LX23: =IF('لیست '!AH88<>"",'لیست '!AH88,"") | LY23: =IF(LX23<>"",SUM(LW23:LX23),"") | MA23: =IF('لیست '!M89<>"",'لیست '!M89,"") | MB23: =IF('لیست '!AH89<>"",'لیست '!AH89,"") | MC23: =IF(MB23<>"",SUM(MA23:MB23),"") | ME23: =IF('لیست '!M90<>"",'لیست '!M90,"") | MF23: =IF('لیست '!AH90<>"",'لیست '!AH90,"") | MG23: =IF(MF23<>"",SUM(ME23:MF23),"") | MI23: =IF('لیست '!M91<>"",'لیست '!M91,"") | MJ23: =IF('لیست '!AH91<>"",'لیست '!AH91,"") | MK23: =IF(MJ23<>"",SUM(MI23:MJ23),"") | MM23: =IF('لیست '!M92<>"",'لیست '!M92,"") | MN23: =IF('لیست '!AH92<>"",'لیست '!AH92,"") | MO23: =IF(MN23<>"",SUM(MM23:MN23),"") | MQ23: =IF('لیست '!M93<>"",'لیست '!M93,"") | MR23: =IF('لیست '!AH93<>"",'لیست '!AH93,"") | MS23: =IF(MR23<>"",SUM(MQ23:MR23),"") | MU23: =IF('لیست '!M94<>"",'لیست '!M94,"") | MV23: =IF('لیست '!AH94<>"",'لیست '!AH94,"") | MW23: =IF(MV23<>"",SUM(MU23:MV23),"") | MY23: =IF('لیست '!M95<>"",'لیست '!M95,"") | MZ23: =IF('لیست '!AH95<>"",'لیست '!AH95,"") | NA23: =IF(MZ23<>"",SUM(MY23:MZ23),"") | NC23: =IF('لیست '!M96<>"",'لیست '!M96,"") | ND23: =IF('لیست '!AH96<>"",'لیست '!AH96,"") | NE23: =IF(ND23<>"",SUM(NC23:ND23),"") | NG23: =IF('لیست '!M97<>"",'لیست '!M97,"") | NH23: =IF('لیست '!AH97<>"",'لیست '!AH97,"") | NI23: =IF(NH23<>"",SUM(NG23:NH23),"") | NK23: =IF('لیست '!M98<>"",'لیست '!M98,"") | NL23: =IF('لیست '!AH98<>"",'لیست '!AH98,"") | NM23: =IF(NL23<>"",SUM(NK23:NL23),"") | NO23: =IF('لیست '!M99<>"",'لیست '!M99,"") | NP23: =IF('لیست '!AH99<>"",'لیست '!AH99,"") | NQ23: =IF(NP23<>"",SUM(NO23:NP23),"") | NS23: =IF('لیست '!M100<>"",'لیست '!M100,"") | NT23: =IF('لیست '!AH100<>"",'لیست '!AH100,"") | NU23: =IF(NT23<>"",SUM(NS23:NT23),"") | NW23: =IF('لیست '!M101<>"",'لیست '!M101,"") | NX23: =IF('لیست '!AH101<>"",'لیست '!AH101,"") | NY23: =IF(NX23<>"",SUM(NW23:NX23),"") | OA23: =IF('لیست '!M102<>"",'لیست '!M102,"") | OB23: =IF('لیست '!AH102<>"",'لیست '!AH102,"") | OC23: =IF(OB23<>"",SUM(OA23:OB23),"")
A24: ='لیست '!N3 -> پشتو | C24: =IF('لیست '!N5<>"",'لیست '!N5,"") | D24: =IF('لیست '!AI5<>"",'لیست '!AI5,"") | E24: =IF(D24<>"",SUM(C24:D24),"") | G24: =IF('لیست '!N6<>"",'لیست '!N6,"") | H24: =IF('لیست '!AI6<>"",'لیست '!AI6,"") | I24: =IF(H24<>"",SUM(G24:H24),"") | K24: =IF('لیست '!N7<>"",'لیست '!N7,"") | L24: =IF('لیست '!AI7<>"",'لیست '!AI7,"") | M24: =IF(L24<>"",SUM(K24:L24),"") | O24: =IF('لیست '!N8<>"",'لیست '!N8,"") | P24: =IF('لیست '!AI8<>"",'لیست '!AI8,"") | Q24: =IF(P24<>"",SUM(O24:P24),"") | S24: =IF('لیست '!N9<>"",'لیست '!N9,"") | T24: =IF('لیست '!AI9<>"",'لیست '!AI9,"") | U24: =IF(T24<>"",SUM(S24:T24),"") | W24: =IF('لیست '!N10<>"",'لیست '!N10,"") | X24: =IF('لیست '!AI10<>"",'لیست '!AI10,"") | Y24: =IF(X24<>"",SUM(W24:X24),"") | AA24: =IF('لیست '!N11<>"",'لیست '!N11,"") | AB24: =IF('لیست '!AI11<>"",'لیست '!AI11,"") | AC24: =IF(AB24<>"",SUM(AA24:AB24),"") | AE24: =IF('لیست '!N12<>"",'لیست '!N12,"") | AF24: =IF('لیست '!AI12<>"",'لیست '!AI12,"") | AG24: =IF(AF24<>"",SUM(AE24:AF24),"") | AI24: =IF('لیست '!N13<>"",'لیست '!N13,"") | AJ24: =IF('لیست '!AI13<>"",'لیست '!AI13,"") | AK24: =IF(AJ24<>"",SUM(AI24:AJ24),"") | AM24: =IF('لیست '!N14<>"",'لیست '!N14,"") | AN24: =IF('لیست '!AI14<>"",'لیست '!AI14,"") | AO24: =IF(AN24<>"",SUM(AM24:AN24),"") | AQ24: =IF('لیست '!N15<>"",'لیست '!N15,"") | AR24: =IF('لیست '!AI15<>"",'لیست '!AI15,"") | AS24: =IF(AR24<>"",SUM(AQ24:AR24),"") | AU24: =IF('لیست '!N16<>"",'لیست '!N16,"") | AV24: =IF('لیست '!AI16<>"",'لیست '!AI16,"") | AW24: =IF(AV24<>"",SUM(AU24:AV24),"") | AY24: =IF('لیست '!N17<>"",'لیست '!N17,"") | AZ24: =IF('لیست '!AI17<>"",'لیست '!AI17,"") | BA24: =IF(AZ24<>"",SUM(AY24:AZ24),"") | BC24: =IF('لیست '!N18<>"",'لیست '!N18,"") | BD24: =IF('لیست '!AI18<>"",'لیست '!AI18,"") | BE24: =IF(BD24<>"",SUM(BC24:BD24),"") | BG24: =IF('لیست '!N19<>"",'لیست '!N19,"") | BH24: =IF('لیست '!AI19<>"",'لیست '!AI19,"") | BI24: =IF(BH24<>"",SUM(BG24:BH24),"") | BK24: =IF('لیست '!N20<>"",'لیست '!N20,"") | BL24: =IF('لیست '!AI20<>"",'لیست '!AI20,"") | BM24: =IF(BL24<>"",SUM(BK24:BL24),"") | BO24: =IF('لیست '!N21<>"",'لیست '!N21,"") | BP24: =IF('لیست '!AI21<>"",'لیست '!AI21,"") | BQ24: =IF(BP24<>"",SUM(BO24:BP24),"") | BS24: =IF('لیست '!N22<>"",'لیست '!N22,"") | BT24: =IF('لیست '!AI22<>"",'لیست '!AI22,"") | BU24: =IF(BT24<>"",SUM(BS24:BT24),"") | BW24: =IF('لیست '!N23<>"",'لیست '!N23,"") | BX24: =IF('لیست '!AI23<>"",'لیست '!AI23,"") | BY24: =IF(BX24<>"",SUM(BW24:BX24),"") | CA24: =IF('لیست '!N24<>"",'لیست '!N24,"") | CB24: =IF('لیست '!AI24<>"",'لیست '!AI24,"") | CC24: =IF(CB24<>"",SUM(CA24:CB24),"") | CE24: =IF('لیست '!N25<>"",'لیست '!N25,"") | CF24: =IF('لیست '!AI25<>"",'لیست '!AI25,"") | CG24: =IF(CF24<>"",SUM(CE24:CF24),"") | CI24: =IF('لیست '!N26<>"",'لیست '!N26,"") | CJ24: =IF('لیست '!AI26<>"",'لیست '!AI26,"") | CK24: =IF(CJ24<>"",SUM(CI24:CJ24),"") | CM24: =IF('لیست '!N27<>"",'لیست '!N27,"") | CN24: =IF('لیست '!AI27<>"",'لیست '!AI27,"") | CO24: =IF(CN24<>"",SUM(CM24:CN24),"") | CQ24: =IF('لیست '!N28<>"",'لیست '!N28,"") | CR24: =IF('لیست '!AI28<>"",'لیست '!AI28,"") | CS24: =IF(CR24<>"",SUM(CQ24:CR24),"") | CU24: =IF('لیست '!N29<>"",'لیست '!N29,"") | CV24: =IF('لیست '!AI29<>"",'لیست '!AI29,"") | CW24: =IF(CV24<>"",SUM(CU24:CV24),"") | CY24: =IF('لیست '!N30<>"",'لیست '!N30,"") | CZ24: =IF('لیست '!AI30<>"",'لیست '!AI30,"") | DA24: =IF(CZ24<>"",SUM(CY24:CZ24),"") | DC24: =IF('لیست '!N31<>"",'لیست '!N31,"") | DD24: =IF('لیست '!AI31<>"",'لیست '!AI31,"") | DE24: =IF(DD24<>"",SUM(DC24:DD24),"") | DG24: =IF('لیست '!N32<>"",'لیست '!N32,"") | DH24: =IF('لیست '!AI32<>"",'لیست '!AI32,"") | DI24: =IF(DH24<>"",SUM(DG24:DH24),"") | DK24: =IF('لیست '!N33<>"",'لیست '!N33,"") | DL24: =IF('لیست '!AI33<>"",'لیست '!AI33,"") | DM24: =IF(DL24<>"",SUM(DK24:DL24),"") | DO24: =IF('لیست '!N34<>"",'لیست '!N34,"") | DP24: =IF('لیست '!AI34<>"",'لیست '!AI34,"") | DQ24: =IF(DP24<>"",SUM(DO24:DP24),"") | DS24: =IF('لیست '!N35<>"",'لیست '!N35,"") | DT24: =IF('لیست '!AI35<>"",'لیست '!AI35,"") | DU24: =IF(DT24<>"",SUM(DS24:DT24),"") | DW24: =IF('لیست '!N36<>"",'لیست '!N36,"") | DX24: =IF('لیست '!AI36<>"",'لیست '!AI36,"") | DY24: =IF(DX24<>"",SUM(DW24:DX24),"") | EA24: =IF('لیست '!N37<>"",'لیست '!N37,"") | EB24: =IF('لیست '!AI37<>"",'لیست '!AI37,"") | EC24: =IF(EB24<>"",SUM(EA24:EB24),"") | EE24: =IF('لیست '!N38<>"",'لیست '!N38,"") | EF24: =IF('لیست '!AI38<>"",'لیست '!AI38,"") | EG24: =IF(EF24<>"",SUM(EE24:EF24),"") | EI24: =IF('لیست '!N39<>"",'لیست '!N39,"") | EJ24: =IF('لیست '!AI39<>"",'لیست '!AI39,"") | EK24: =IF(EJ24<>"",SUM(EI24:EJ24),"") | EM24: =IF('لیست '!N40<>"",'لیست '!N40,"") | EN24: =IF('لیست '!AI40<>"",'لیست '!AI40,"") | EO24: =IF(EN24<>"",SUM(EM24:EN24),"") | EQ24: =IF('لیست '!N41<>"",'لیست '!N41,"") | ER24: =IF('لیست '!AI41<>"",'لیست '!AI41,"") | ES24: =IF(ER24<>"",SUM(EQ24:ER24),"") | EU24: =IF('لیست '!N42<>"",'لیست '!N42,"") | EV24: =IF('لیست '!AI42<>"",'لیست '!AI42,"") | EW24: =IF(EV24<>"",SUM(EU24:EV24),"") | EY24: =IF('لیست '!N43<>"",'لیست '!N43,"") | EZ24: =IF('لیست '!AI43<>"",'لیست '!AI43,"") | FA24: =IF(EZ24<>"",SUM(EY24:EZ24),"") | FC24: =IF('لیست '!N44<>"",'لیست '!N44,"") | FD24: =IF('لیست '!AI44<>"",'لیست '!AI44,"") | FE24: =IF(FD24<>"",SUM(FC24:FD24),"") | FG24: =IF('لیست '!N45<>"",'لیست '!N45,"") | FH24: =IF('لیست '!AI45<>"",'لیست '!AI45,"") | FI24: =IF(FH24<>"",SUM(FG24:FH24),"") | FK24: =IF('لیست '!N46<>"",'لیست '!N46,"") | FL24: =IF('لیست '!AI46<>"",'لیست '!AI46,"") | FM24: =IF(FL24<>"",SUM(FK24:FL24),"") | FO24: =IF('لیست '!N47<>"",'لیست '!N47,"") | FP24: =IF('لیست '!AI47<>"",'لیست '!AI47,"") | FQ24: =IF(FP24<>"",SUM(FO24:FP24),"") | FS24: =IF('لیست '!N48<>"",'لیست '!N48,"") | FT24: =IF('لیست '!AI48<>"",'لیست '!AI48,"") | FU24: =IF(FT24<>"",SUM(FS24:FT24),"") | FW24: =IF('لیست '!N49<>"",'لیست '!N49,"") | FX24: =IF('لیست '!AI49<>"",'لیست '!AI49,"") | FY24: =IF(FX24<>"",SUM(FW24:FX24),"") | GA24: =IF('لیست '!N50<>"",'لیست '!N50,"") | GB24: =IF('لیست '!AI50<>"",'لیست '!AI50,"") | GC24: =IF(GB24<>"",SUM(GA24:GB24),"") | GE24: =IF('لیست '!N51<>"",'لیست '!N51,"") | GF24: =IF('لیست '!AI51<>"",'لیست '!AI51,"") | GG24: =IF(GF24<>"",SUM(GE24:GF24),"") | GI24: =IF('لیست '!N52<>"",'لیست '!N52,"") | GJ24: =IF('لیست '!AI52<>"",'لیست '!AI52,"") | GK24: =IF(GJ24<>"",SUM(GI24:GJ24),"") | GM24: =IF('لیست '!N53<>"",'لیست '!N53,"") | GN24: =IF('لیست '!AI53<>"",'لیست '!AI53,"") | GO24: =IF(GN24<>"",SUM(GM24:GN24),"") | GQ24: =IF('لیست '!N54<>"",'لیست '!N54,"") | GR24: =IF('لیست '!AI54<>"",'لیست '!AI54,"") | GS24: =IF(GR24<>"",SUM(GQ24:GR24),"") | GU24: =IF('لیست '!N55<>"",'لیست '!N55,"") | GV24: =IF('لیست '!AI55<>"",'لیست '!AI55,"") | GW24: =IF(GV24<>"",SUM(GU24:GV24),"") | GY24: =IF('لیست '!N56<>"",'لیست '!N56,"") | GZ24: =IF('لیست '!AI56<>"",'لیست '!AI56,"") | HA24: =IF(GZ24<>"",SUM(GY24:GZ24),"") | HC24: =IF('لیست '!N57<>"",'لیست '!N57,"") | HD24: =IF('لیست '!AI57<>"",'لیست '!AI57,"") | HE24: =IF(HD24<>"",SUM(HC24:HD24),"") | HG24: =IF('لیست '!N58<>"",'لیست '!N58,"") | HH24: =IF('لیست '!AI58<>"",'لیست '!AI58,"") | HI24: =IF(HH24<>"",SUM(HG24:HH24),"") | HK24: =IF('لیست '!N59<>"",'لیست '!N59,"") | HL24: =IF('لیست '!AI59<>"",'لیست '!AI59,"") | HM24: =IF(HL24<>"",SUM(HK24:HL24),"") | HO24: =IF('لیست '!N60<>"",'لیست '!N60,"") | HP24: =IF('لیست '!AI60<>"",'لیست '!AI60,"") | HQ24: =IF(HP24<>"",SUM(HO24:HP24),"") | HS24: =IF('لیست '!N61<>"",'لیست '!N61,"") | HT24: =IF('لیست '!AI61<>"",'لیست '!AI61,"") | HU24: =IF(HT24<>"",SUM(HS24:HT24),"") | HW24: =IF('لیست '!N62<>"",'لیست '!N62,"") | HX24: =IF('لیست '!AI62<>"",'لیست '!AI62,"") | HY24: =IF(HX24<>"",SUM(HW24:HX24),"") | IA24: =IF('لیست '!N63<>"",'لیست '!N63,"") | IB24: =IF('لیست '!AI63<>"",'لیست '!AI63,"") | IC24: =IF(IB24<>"",SUM(IA24:IB24),"") | IE24: =IF('لیست '!N64<>"",'لیست '!N64,"") | IF24: =IF('لیست '!AI64<>"",'لیست '!AI64,"") | IG24: =IF(IF24<>"",SUM(IE24:IF24),"") | II24: =IF('لیست '!N65<>"",'لیست '!N65,"") | IJ24: =IF('لیست '!AI65<>"",'لیست '!AI65,"") | IK24: =IF(IJ24<>"",SUM(II24:IJ24),"") | IM24: =IF('لیست '!N66<>"",'لیست '!N66,"") | IN24: =IF('لیست '!AI66<>"",'لیست '!AI66,"") | IO24: =IF(IN24<>"",SUM(IM24:IN24),"") | IQ24: =IF('لیست '!N67<>"",'لیست '!N67,"") | IR24: =IF('لیست '!AI67<>"",'لیست '!AI67,"") | IS24: =IF(IR24<>"",SUM(IQ24:IR24),"") | IU24: =IF('لیست '!N68<>"",'لیست '!N68,"") | IV24: =IF('لیست '!AI68<>"",'لیست '!AI68,"") | IW24: =IF(IV24<>"",SUM(IU24:IV24),"") | IY24: =IF('لیست '!N69<>"",'لیست '!N69,"") | IZ24: =IF('لیست '!AI69<>"",'لیست '!AI69,"") | JA24: =IF(IZ24<>"",SUM(IY24:IZ24),"") | JC24: =IF('لیست '!N70<>"",'لیست '!N70,"") | JD24: =IF('لیست '!AI70<>"",'لیست '!AI70,"") | JE24: =IF(JD24<>"",SUM(JC24:JD24),"") | JG24: =IF('لیست '!N71<>"",'لیست '!N71,"") | JH24: =IF('لیست '!AI71<>"",'لیست '!AI71,"") | JI24: =IF(JH24<>"",SUM(JG24:JH24),"") | JK24: =IF('لیست '!N72<>"",'لیست '!N72,"") | JL24: =IF('لیست '!AI72<>"",'لیست '!AI72,"") | JM24: =IF(JL24<>"",SUM(JK24:JL24),"") | JO24: =IF('لیست '!N73<>"",'لیست '!N73,"") | JP24: =IF('لیست '!AI73<>"",'لیست '!AI73,"") | JQ24: =IF(JP24<>"",SUM(JO24:JP24),"") | JS24: =IF('لیست '!N74<>"",'لیست '!N74,"") | JT24: =IF('لیست '!AI74<>"",'لیست '!AI74,"") | JU24: =IF(JT24<>"",SUM(JS24:JT24),"") | JW24: =IF('لیست '!N75<>"",'لیست '!N75,"") | JX24: =IF('لیست '!AI75<>"",'لیست '!AI75,"") | JY24: =IF(JX24<>"",SUM(JW24:JX24),"") | KA24: =IF('لیست '!N76<>"",'لیست '!N76,"") | KB24: =IF('لیست '!AI76<>"",'لیست '!AI76,"") | KC24: =IF(KB24<>"",SUM(KA24:KB24),"") | KE24: =IF('لیست '!N77<>"",'لیست '!N77,"") | KF24: =IF('لیست '!AI77<>"",'لیست '!AI77,"") | KG24: =IF(KF24<>"",SUM(KE24:KF24),"") | KI24: =IF('لیست '!N78<>"",'لیست '!N78,"") | KJ24: =IF('لیست '!AI78<>"",'لیست '!AI78,"") | KK24: =IF(KJ24<>"",SUM(KI24:KJ24),"") | KM24: =IF('لیست '!N79<>"",'لیست '!N79,"") | KN24: =IF('لیست '!AI79<>"",'لیست '!AI79,"") | KO24: =IF(KN24<>"",SUM(KM24:KN24),"") | KQ24: =IF('لیست '!N80<>"",'لیست '!N80,"") | KR24: =IF('لیست '!AI80<>"",'لیست '!AI80,"") | KS24: =IF(KR24<>"",SUM(KQ24:KR24),"") | KU24: =IF('لیست '!N81<>"",'لیست '!N81,"") | KV24: =IF('لیست '!AI81<>"",'لیست '!AI81,"") | KW24: =IF(KV24<>"",SUM(KU24:KV24),"") | KY24: =IF('لیست '!N82<>"",'لیست '!N82,"") | KZ24: =IF('لیست '!AI82<>"",'لیست '!AI82,"") | LA24: =IF(KZ24<>"",SUM(KY24:KZ24),"") | LC24: =IF('لیست '!N83<>"",'لیست '!N83,"") | LD24: =IF('لیست '!AI83<>"",'لیست '!AI83,"") | LE24: =IF(LD24<>"",SUM(LC24:LD24),"") | LG24: =IF('لیست '!N84<>"",'لیست '!N84,"") | LH24: =IF('لیست '!AI84<>"",'لیست '!AI84,"") | LI24: =IF(LH24<>"",SUM(LG24:LH24),"") | LK24: =IF('لیست '!N85<>"",'لیست '!N85,"") | LL24: =IF('لیست '!AI85<>"",'لیست '!AI85,"") | LM24: =IF(LL24<>"",SUM(LK24:LL24),"") | LO24: =IF('لیست '!N86<>"",'لیست '!N86,"") | LP24: =IF('لیست '!AI86<>"",'لیست '!AI86,"") | LQ24: =IF(LP24<>"",SUM(LO24:LP24),"") | LS24: =IF('لیست '!N87<>"",'لیست '!N87,"") | LT24: =IF('لیست '!AI87<>"",'لیست '!AI87,"") | LU24: =IF(LT24<>"",SUM(LS24:LT24),"") | LW24: =IF('لیست '!N88<>"",'لیست '!N88,"") | LX24: =IF('لیست '!AI88<>"",'لیست '!AI88,"") | LY24: =IF(LX24<>"",SUM(LW24:LX24),"") | MA24: =IF('لیست '!N89<>"",'لیست '!N89,"") | MB24: =IF('لیست '!AI89<>"",'لیست '!AI89,"") | MC24: =IF(MB24<>"",SUM(MA24:MB24),"") | ME24: =IF('لیست '!N90<>"",'لیست '!N90,"") | MF24: =IF('لیست '!AI90<>"",'لیست '!AI90,"") | MG24: =IF(MF24<>"",SUM(ME24:MF24),"") | MI24: =IF('لیست '!N91<>"",'لیست '!N91,"") | MJ24: =IF('لیست '!AI91<>"",'لیست '!AI91,"") | MK24: =IF(MJ24<>"",SUM(MI24:MJ24),"") | MM24: =IF('لیست '!N92<>"",'لیست '!N92,"") | MN24: =IF('لیست '!AI92<>"",'لیست '!AI92,"") | MO24: =IF(MN24<>"",SUM(MM24:MN24),"") | MQ24: =IF('لیست '!N93<>"",'لیست '!N93,"") | MR24: =IF('لیست '!AI93<>"",'لیست '!AI93,"") | MS24: =IF(MR24<>"",SUM(MQ24:MR24),"") | MU24: =IF('لیست '!N94<>"",'لیست '!N94,"") | MV24: =IF('لیست '!AI94<>"",'لیست '!AI94,"") | MW24: =IF(MV24<>"",SUM(MU24:MV24),"") | MY24: =IF('لیست '!N95<>"",'لیست '!N95,"") | MZ24: =IF('لیست '!AI95<>"",'لیست '!AI95,"") | NA24: =IF(MZ24<>"",SUM(MY24:MZ24),"") | NC24: =IF('لیست '!N96<>"",'لیست '!N96,"") | ND24: =IF('لیست '!AI96<>"",'لیست '!AI96,"") | NE24: =IF(ND24<>"",SUM(NC24:ND24),"") | NG24: =IF('لیست '!N97<>"",'لیست '!N97,"") | NH24: =IF('لیست '!AI97<>"",'لیست '!AI97,"") | NI24: =IF(NH24<>"",SUM(NG24:NH24),"") | NK24: =IF('لیست '!N98<>"",'لیست '!N98,"") | NL24: =IF('لیست '!AI98<>"",'لیست '!AI98,"") | NM24: =IF(NL24<>"",SUM(NK24:NL24),"") | NO24: =IF('لیست '!N99<>"",'لیست '!N99,"") | NP24: =IF('لیست '!AI99<>"",'لیست '!AI99,"") | NQ24: =IF(NP24<>"",SUM(NO24:NP24),"") | NS24: =IF('لیست '!N100<>"",'لیست '!N100,"") | NT24: =IF('لیست '!AI100<>"",'لیست '!AI100,"") | NU24: =IF(NT24<>"",SUM(NS24:NT24),"") | NW24: =IF('لیست '!N101<>"",'لیست '!N101,"") | NX24: =IF('لیست '!AI101<>"",'لیست '!AI101,"") | NY24: =IF(NX24<>"",SUM(NW24:NX24),"") | OA24: =IF('لیست '!N102<>"",'لیست '!N102,"") | OB24: =IF('لیست '!AI102<>"",'لیست '!AI102,"") | OC24: =IF(OB24<>"",SUM(OA24:OB24),"")
A25: ='لیست '!O3 -> لسان سوم | C25: =IF('لیست '!O5<>"",'لیست '!O5,"") | D25: =IF('لیست '!AJ5<>"",'لیست '!AJ5,"") | E25: =IF(D25<>"",SUM(C25:D25),"") | G25: =IF('لیست '!O6<>"",'لیست '!O6,"") | H25: =IF('لیست '!AJ6<>"",'لیست '!AJ6,"") | I25: =IF(H25<>"",SUM(G25:H25),"") | K25: =IF('لیست '!O7<>"",'لیست '!O7,"") | L25: =IF('لیست '!AJ7<>"",'لیست '!AJ7,"") | M25: =IF(L25<>"",SUM(K25:L25),"") | O25: =IF('لیست '!O8<>"",'لیست '!O8,"") | P25: =IF('لیست '!AJ8<>"",'لیست '!AJ8,"") | Q25: =IF(P25<>"",SUM(O25:P25),"") | S25: =IF('لیست '!O9<>"",'لیست '!O9,"") | T25: =IF('لیست '!AJ9<>"",'لیست '!AJ9,"") | U25: =IF(T25<>"",SUM(S25:T25),"") | W25: =IF('لیست '!O10<>"",'لیست '!O10,"") | X25: =IF('لیست '!AJ10<>"",'لیست '!AJ10,"") | Y25: =IF(X25<>"",SUM(W25:X25),"") | AA25: =IF('لیست '!O11<>"",'لیست '!O11,"") | AB25: =IF('لیست '!AJ11<>"",'لیست '!AJ11,"") | AC25: =IF(AB25<>"",SUM(AA25:AB25),"") | AE25: =IF('لیست '!O12<>"",'لیست '!O12,"") | AF25: =IF('لیست '!AJ12<>"",'لیست '!AJ12,"") | AG25: =IF(AF25<>"",SUM(AE25:AF25),"") | AI25: =IF('لیست '!O13<>"",'لیست '!O13,"") | AJ25: =IF('لیست '!AJ13<>"",'لیست '!AJ13,"") | AK25: =IF(AJ25<>"",SUM(AI25:AJ25),"") | AM25: =IF('لیست '!O14<>"",'لیست '!O14,"") | AN25: =IF('لیست '!AJ14<>"",'لیست '!AJ14,"") | AO25: =IF(AN25<>"",SUM(AM25:AN25),"") | AQ25: =IF('لیست '!O15<>"",'لیست '!O15,"") | AR25: =IF('لیست '!AJ15<>"",'لیست '!AJ15,"") | AS25: =IF(AR25<>"",SUM(AQ25:AR25),"") | AU25: =IF('لیست '!O16<>"",'لیست '!O16,"") | AV25: =IF('لیست '!AJ16<>"",'لیست '!AJ16,"") | AW25: =IF(AV25<>"",SUM(AU25:AV25),"") | AY25: =IF('لیست '!O17<>"",'لیست '!O17,"") | AZ25: =IF('لیست '!AJ17<>"",'لیست '!AJ17,"") | BA25: =IF(AZ25<>"",SUM(AY25:AZ25),"") | BC25: =IF('لیست '!O18<>"",'لیست '!O18,"") | BD25: =IF('لیست '!AJ18<>"",'لیست '!AJ18,"") | BE25: =IF(BD25<>"",SUM(BC25:BD25),"") | BG25: =IF('لیست '!O19<>"",'لیست '!O19,"") | BH25: =IF('لیست '!AJ19<>"",'لیست '!AJ19,"") | BI25: =IF(BH25<>"",SUM(BG25:BH25),"") | BK25: =IF('لیست '!O20<>"",'لیست '!O20,"") | BL25: =IF('لیست '!AJ20<>"",'لیست '!AJ20,"") | BM25: =IF(BL25<>"",SUM(BK25:BL25),"") | BO25: =IF('لیست '!O21<>"",'لیست '!O21,"") | BP25: =IF('لیست '!AJ21<>"",'لیست '!AJ21,"") | BQ25: =IF(BP25<>"",SUM(BO25:BP25),"") | BS25: =IF('لیست '!O22<>"",'لیست '!O22,"") | BT25: =IF('لیست '!AJ22<>"",'لیست '!AJ22,"") | BU25: =IF(BT25<>"",SUM(BS25:BT25),"") | BW25: =IF('لیست '!O23<>"",'لیست '!O23,"") | BX25: =IF('لیست '!AJ23<>"",'لیست '!AJ23,"") | BY25: =IF(BX25<>"",SUM(BW25:BX25),"") | CA25: =IF('لیست '!O24<>"",'لیست '!O24,"") | CB25: =IF('لیست '!AJ24<>"",'لیست '!AJ24,"") | CC25: =IF(CB25<>"",SUM(CA25:CB25),"") | CE25: =IF('لیست '!O25<>"",'لیست '!O25,"") | CF25: =IF('لیست '!AJ25<>"",'لیست '!AJ25,"") | CG25: =IF(CF25<>"",SUM(CE25:CF25),"") | CI25: =IF('لیست '!O26<>"",'لیست '!O26,"") | CJ25: =IF('لیست '!AJ26<>"",'لیست '!AJ26,"") | CK25: =IF(CJ25<>"",SUM(CI25:CJ25),"") | CM25: =IF('لیست '!O27<>"",'لیست '!O27,"") | CN25: =IF('لیست '!AJ27<>"",'لیست '!AJ27,"") | CO25: =IF(CN25<>"",SUM(CM25:CN25),"") | CQ25: =IF('لیست '!O28<>"",'لیست '!O28,"") | CR25: =IF('لیست '!AJ28<>"",'لیست '!AJ28,"") | CS25: =IF(CR25<>"",SUM(CQ25:CR25),"") | CU25: =IF('لیست '!O29<>"",'لیست '!O29,"") | CV25: =IF('لیست '!AJ29<>"",'لیست '!AJ29,"") | CW25: =IF(CV25<>"",SUM(CU25:CV25),"") | CY25: =IF('لیست '!O30<>"",'لیست '!O30,"") | CZ25: =IF('لیست '!AJ30<>"",'لیست '!AJ30,"") | DA25: =IF(CZ25<>"",SUM(CY25:CZ25),"") | DC25: =IF('لیست '!O31<>"",'لیست '!O31,"") | DD25: =IF('لیست '!AJ31<>"",'لیست '!AJ31,"") | DE25: =IF(DD25<>"",SUM(DC25:DD25),"") | DG25: =IF('لیست '!O32<>"",'لیست '!O32,"") | DH25: =IF('لیست '!AJ32<>"",'لیست '!AJ32,"") | DI25: =IF(DH25<>"",SUM(DG25:DH25),"") | DK25: =IF('لیست '!O33<>"",'لیست '!O33,"") | DL25: =IF('لیست '!AJ33<>"",'لیست '!AJ33,"") | DM25: =IF(DL25<>"",SUM(DK25:DL25),"") | DO25: =IF('لیست '!O34<>"",'لیست '!O34,"") | DP25: =IF('لیست '!AJ34<>"",'لیست '!AJ34,"") | DQ25: =IF(DP25<>"",SUM(DO25:DP25),"") | DS25: =IF('لیست '!O35<>"",'لیست '!O35,"") | DT25: =IF('لیست '!AJ35<>"",'لیست '!AJ35,"") | DU25: =IF(DT25<>"",SUM(DS25:DT25),"") | DW25: =IF('لیست '!O36<>"",'لیست '!O36,"") | DX25: =IF('لیست '!AJ36<>"",'لیست '!AJ36,"") | DY25: =IF(DX25<>"",SUM(DW25:DX25),"") | EA25: =IF('لیست '!O37<>"",'لیست '!O37,"") | EB25: =IF('لیست '!AJ37<>"",'لیست '!AJ37,"") | EC25: =IF(EB25<>"",SUM(EA25:EB25),"") | EE25: =IF('لیست '!O38<>"",'لیست '!O38,"") | EF25: =IF('لیست '!AJ38<>"",'لیست '!AJ38,"") | EG25: =IF(EF25<>"",SUM(EE25:EF25),"") | EI25: =IF('لیست '!O39<>"",'لیست '!O39,"") | EJ25: =IF('لیست '!AJ39<>"",'لیست '!AJ39,"") | EK25: =IF(EJ25<>"",SUM(EI25:EJ25),"") | EM25: =IF('لیست '!O40<>"",'لیست '!O40,"") | EN25: =IF('لیست '!AJ40<>"",'لیست '!AJ40,"") | EO25: =IF(EN25<>"",SUM(EM25:EN25),"") | EQ25: =IF('لیست '!O41<>"",'لیست '!O41,"") | ER25: =IF('لیست '!AJ41<>"",'لیست '!AJ41,"") | ES25: =IF(ER25<>"",SUM(EQ25:ER25),"") | EU25: =IF('لیست '!O42<>"",'لیست '!O42,"") | EV25: =IF('لیست '!AJ42<>"",'لیست '!AJ42,"") | EW25: =IF(EV25<>"",SUM(EU25:EV25),"") | EY25: =IF('لیست '!O43<>"",'لیست '!O43,"") | EZ25: =IF('لیست '!AJ43<>"",'لیست '!AJ43,"") | FA25: =IF(EZ25<>"",SUM(EY25:EZ25),"") | FC25: =IF('لیست '!O44<>"",'لیست '!O44,"") | FD25: =IF('لیست '!AJ44<>"",'لیست '!AJ44,"") | FE25: =IF(FD25<>"",SUM(FC25:FD25),"") | FG25: =IF('لیست '!O45<>"",'لیست '!O45,"") | FH25: =IF('لیست '!AJ45<>"",'لیست '!AJ45,"") | FI25: =IF(FH25<>"",SUM(FG25:FH25),"") | FK25: =IF('لیست '!O46<>"",'لیست '!O46,"") | FL25: =IF('لیست '!AJ46<>"",'لیست '!AJ46,"") | FM25: =IF(FL25<>"",SUM(FK25:FL25),"") | FO25: =IF('لیست '!O47<>"",'لیست '!O47,"") | FP25: =IF('لیست '!AJ47<>"",'لیست '!AJ47,"") | FQ25: =IF(FP25<>"",SUM(FO25:FP25),"") | FS25: =IF('لیست '!O48<>"",'لیست '!O48,"") | FT25: =IF('لیست '!AJ48<>"",'لیست '!AJ48,"") | FU25: =IF(FT25<>"",SUM(FS25:FT25),"") | FW25: =IF('لیست '!O49<>"",'لیست '!O49,"") | FX25: =IF('لیست '!AJ49<>"",'لیست '!AJ49,"") | FY25: =IF(FX25<>"",SUM(FW25:FX25),"") | GA25: =IF('لیست '!O50<>"",'لیست '!O50,"") | GB25: =IF('لیست '!AJ50<>"",'لیست '!AJ50,"") | GC25: =IF(GB25<>"",SUM(GA25:GB25),"") | GE25: =IF('لیست '!O51<>"",'لیست '!O51,"") | GF25: =IF('لیست '!AJ51<>"",'لیست '!AJ51,"") | GG25: =IF(GF25<>"",SUM(GE25:GF25),"") | GI25: =IF('لیست '!O52<>"",'لیست '!O52,"") | GJ25: =IF('لیست '!AJ52<>"",'لیست '!AJ52,"") | GK25: =IF(GJ25<>"",SUM(GI25:GJ25),"") | GM25: =IF('لیست '!O53<>"",'لیست '!O53,"") | GN25: =IF('لیست '!AJ53<>"",'لیست '!AJ53,"") | GO25: =IF(GN25<>"",SUM(GM25:GN25),"") | GQ25: =IF('لیست '!O54<>"",'لیست '!O54,"") | GR25: =IF('لیست '!AJ54<>"",'لیست '!AJ54,"") | GS25: =IF(GR25<>"",SUM(GQ25:GR25),"") | GU25: =IF('لیست '!O55<>"",'لیست '!O55,"") | GV25: =IF('لیست '!AJ55<>"",'لیست '!AJ55,"") | GW25: =IF(GV25<>"",SUM(GU25:GV25),"") | GY25: =IF('لیست '!O56<>"",'لیست '!O56,"") | GZ25: =IF('لیست '!AJ56<>"",'لیست '!AJ56,"") | HA25: =IF(GZ25<>"",SUM(GY25:GZ25),"") | HC25: =IF('لیست '!O57<>"",'لیست '!O57,"") | HD25: =IF('لیست '!AJ57<>"",'لیست '!AJ57,"") | HE25: =IF(HD25<>"",SUM(HC25:HD25),"") | HG25: =IF('لیست '!O58<>"",'لیست '!O58,"") | HH25: =IF('لیست '!AJ58<>"",'لیست '!AJ58,"") | HI25: =IF(HH25<>"",SUM(HG25:HH25),"") | HK25: =IF('لیست '!O59<>"",'لیست '!O59,"") | HL25: =IF('لیست '!AJ59<>"",'لیست '!AJ59,"") | HM25: =IF(HL25<>"",SUM(HK25:HL25),"") | HO25: =IF('لیست '!O60<>"",'لیست '!O60,"") | HP25: =IF('لیست '!AJ60<>"",'لیست '!AJ60,"") | HQ25: =IF(HP25<>"",SUM(HO25:HP25),"") | HS25: =IF('لیست '!O61<>"",'لیست '!O61,"") | HT25: =IF('لیست '!AJ61<>"",'لیست '!AJ61,"") | HU25: =IF(HT25<>"",SUM(HS25:HT25),"") | HW25: =IF('لیست '!O62<>"",'لیست '!O62,"") | HX25: =IF('لیست '!AJ62<>"",'لیست '!AJ62,"") | HY25: =IF(HX25<>"",SUM(HW25:HX25),"") | IA25: =IF('لیست '!O63<>"",'لیست '!O63,"") | IB25: =IF('لیست '!AJ63<>"",'لیست '!AJ63,"") | IC25: =IF(IB25<>"",SUM(IA25:IB25),"") | IE25: =IF('لیست '!O64<>"",'لیست '!O64,"") | IF25: =IF('لیست '!AJ64<>"",'لیست '!AJ64,"") | IG25: =IF(IF25<>"",SUM(IE25:IF25),"") | II25: =IF('لیست '!O65<>"",'لیست '!O65,"") | IJ25: =IF('لیست '!AJ65<>"",'لیست '!AJ65,"") | IK25: =IF(IJ25<>"",SUM(II25:IJ25),"") | IM25: =IF('لیست '!O66<>"",'لیست '!O66,"") | IN25: =IF('لیست '!AJ66<>"",'لیست '!AJ66,"") | IO25: =IF(IN25<>"",SUM(IM25:IN25),"") | IQ25: =IF('لیست '!O67<>"",'لیست '!O67,"") | IR25: =IF('لیست '!AJ67<>"",'لیست '!AJ67,"") | IS25: =IF(IR25<>"",SUM(IQ25:IR25),"") | IU25: =IF('لیست '!O68<>"",'لیست '!O68,"") | IV25: =IF('لیست '!AJ68<>"",'لیست '!AJ68,"") | IW25: =IF(IV25<>"",SUM(IU25:IV25),"") | IY25: =IF('لیست '!O69<>"",'لیست '!O69,"") | IZ25: =IF('لیست '!AJ69<>"",'لیست '!AJ69,"") | JA25: =IF(IZ25<>"",SUM(IY25:IZ25),"") | JC25: =IF('لیست '!O70<>"",'لیست '!O70,"") | JD25: =IF('لیست '!AJ70<>"",'لیست '!AJ70,"") | JE25: =IF(JD25<>"",SUM(JC25:JD25),"") | JG25: =IF('لیست '!O71<>"",'لیست '!O71,"") | JH25: =IF('لیست '!AJ71<>"",'لیست '!AJ71,"") | JI25: =IF(JH25<>"",SUM(JG25:JH25),"") | JK25: =IF('لیست '!O72<>"",'لیست '!O72,"") | JL25: =IF('لیست '!AJ72<>"",'لیست '!AJ72,"") | JM25: =IF(JL25<>"",SUM(JK25:JL25),"") | JO25: =IF('لیست '!O73<>"",'لیست '!O73,"") | JP25: =IF('لیست '!AJ73<>"",'لیست '!AJ73,"") | JQ25: =IF(JP25<>"",SUM(JO25:JP25),"") | JS25: =IF('لیست '!O74<>"",'لیست '!O74,"") | JT25: =IF('لیست '!AJ74<>"",'لیست '!AJ74,"") | JU25: =IF(JT25<>"",SUM(JS25:JT25),"") | JW25: =IF('لیست '!O75<>"",'لیست '!O75,"") | JX25: =IF('لیست '!AJ75<>"",'لیست '!AJ75,"") | JY25: =IF(JX25<>"",SUM(JW25:JX25),"") | KA25: =IF('لیست '!O76<>"",'لیست '!O76,"") | KB25: =IF('لیست '!AJ76<>"",'لیست '!AJ76,"") | KC25: =IF(KB25<>"",SUM(KA25:KB25),"") | KE25: =IF('لیست '!O77<>"",'لیست '!O77,"") | KF25: =IF('لیست '!AJ77<>"",'لیست '!AJ77,"") | KG25: =IF(KF25<>"",SUM(KE25:KF25),"") | KI25: =IF('لیست '!O78<>"",'لیست '!O78,"") | KJ25: =IF('لیست '!AJ78<>"",'لیست '!AJ78,"") | KK25: =IF(KJ25<>"",SUM(KI25:KJ25),"") | KM25: =IF('لیست '!O79<>"",'لیست '!O79,"") | KN25: =IF('لیست '!AJ79<>"",'لیست '!AJ79,"") | KO25: =IF(KN25<>"",SUM(KM25:KN25),"") | KQ25: =IF('لیست '!O80<>"",'لیست '!O80,"") | KR25: =IF('لیست '!AJ80<>"",'لیست '!AJ80,"") | KS25: =IF(KR25<>"",SUM(KQ25:KR25),"") | KU25: =IF('لیست '!O81<>"",'لیست '!O81,"") | KV25: =IF('لیست '!AJ81<>"",'لیست '!AJ81,"") | KW25: =IF(KV25<>"",SUM(KU25:KV25),"") | KY25: =IF('لیست '!O82<>"",'لیست '!O82,"") | KZ25: =IF('لیست '!AJ82<>"",'لیست '!AJ82,"") | LA25: =IF(KZ25<>"",SUM(KY25:KZ25),"") | LC25: =IF('لیست '!O83<>"",'لیست '!O83,"") | LD25: =IF('لیست '!AJ83<>"",'لیست '!AJ83,"") | LE25: =IF(LD25<>"",SUM(LC25:LD25),"") | LG25: =IF('لیست '!O84<>"",'لیست '!O84,"") | LH25: =IF('لیست '!AJ84<>"",'لیست '!AJ84,"") | LI25: =IF(LH25<>"",SUM(LG25:LH25),"") | LK25: =IF('لیست '!O85<>"",'لیست '!O85,"") | LL25: =IF('لیست '!AJ85<>"",'لیست '!AJ85,"") | LM25: =IF(LL25<>"",SUM(LK25:LL25),"") | LO25: =IF('لیست '!O86<>"",'لیست '!O86,"") | LP25: =IF('لیست '!AJ86<>"",'لیست '!AJ86,"") | LQ25: =IF(LP25<>"",SUM(LO25:LP25),"") | LS25: =IF('لیست '!O87<>"",'لیست '!O87,"") | LT25: =IF('لیست '!AJ87<>"",'لیست '!AJ87,"") | LU25: =IF(LT25<>"",SUM(LS25:LT25),"") | LW25: =IF('لیست '!O88<>"",'لیست '!O88,"") | LX25: =IF('لیست '!AJ88<>"",'لیست '!AJ88,"") | LY25: =IF(LX25<>"",SUM(LW25:LX25),"") | MA25: =IF('لیست '!O89<>"",'لیست '!O89,"") | MB25: =IF('لیست '!AJ89<>"",'لیست '!AJ89,"") | MC25: =IF(MB25<>"",SUM(MA25:MB25),"") | ME25: =IF('لیست '!O90<>"",'لیست '!O90,"") | MF25: =IF('لیست '!AJ90<>"",'لیست '!AJ90,"") | MG25: =IF(MF25<>"",SUM(ME25:MF25),"") | MI25: =IF('لیست '!O91<>"",'لیست '!O91,"") | MJ25: =IF('لیست '!AJ91<>"",'لیست '!AJ91,"") | MK25: =IF(MJ25<>"",SUM(MI25:MJ25),"") | MM25: =IF('لیست '!O92<>"",'لیست '!O92,"") | MN25: =IF('لیست '!AJ92<>"",'لیست '!AJ92,"") | MO25: =IF(MN25<>"",SUM(MM25:MN25),"") | MQ25: =IF('لیست '!O93<>"",'لیست '!O93,"") | MR25: =IF('لیست '!AJ93<>"",'لیست '!AJ93,"") | MS25: =IF(MR25<>"",SUM(MQ25:MR25),"") | MU25: =IF('لیست '!O94<>"",'لیست '!O94,"") | MV25: =IF('لیست '!AJ94<>"",'لیست '!AJ94,"") | MW25: =IF(MV25<>"",SUM(MU25:MV25),"") | MY25: =IF('لیست '!O95<>"",'لیست '!O95,"") | MZ25: =IF('لیست '!AJ95<>"",'لیست '!AJ95,"") | NA25: =IF(MZ25<>"",SUM(MY25:MZ25),"") | NC25: =IF('لیست '!O96<>"",'لیست '!O96,"") | ND25: =IF('لیست '!AJ96<>"",'لیست '!AJ96,"") | NE25: =IF(ND25<>"",SUM(NC25:ND25),"") | NG25: =IF('لیست '!O97<>"",'لیست '!O97,"") | NH25: =IF('لیست '!AJ97<>"",'لیست '!AJ97,"") | NI25: =IF(NH25<>"",SUM(NG25:NH25),"") | NK25: =IF('لیست '!O98<>"",'لیست '!O98,"") | NL25: =IF('لیست '!AJ98<>"",'لیست '!AJ98,"") | NM25: =IF(NL25<>"",SUM(NK25:NL25),"") | NO25: =IF('لیست '!O99<>"",'لیست '!O99,"") | NP25: =IF('لیست '!AJ99<>"",'لیست '!AJ99,"") | NQ25: =IF(NP25<>"",SUM(NO25:NP25),"") | NS25: =IF('لیست '!O100<>"",'لیست '!O100,"") | NT25: =IF('لیست '!AJ100<>"",'لیست '!AJ100,"") | NU25: =IF(NT25<>"",SUM(NS25:NT25),"") | NW25: =IF('لیست '!O101<>"",'لیست '!O101,"") | NX25: =IF('لیست '!AJ101<>"",'لیست '!AJ101,"") | NY25: =IF(NX25<>"",SUM(NW25:NX25),"") | OA25: =IF('لیست '!O102<>"",'لیست '!O102,"") | OB25: =IF('لیست '!AJ102<>"",'لیست '!AJ102,"") | OC25: =IF(OB25<>"",SUM(OA25:OB25),"")
A26: ='لیست '!P3 -> انګلیسی | C26: =IF('لیست '!P5<>"",'لیست '!P5,"") | D26: =IF('لیست '!AK5<>"",'لیست '!AK5,"") | E26: =IF(D26<>"",SUM(C26:D26),"") | G26: =IF('لیست '!P6<>"",'لیست '!P6,"") | H26: =IF('لیست '!AK6<>"",'لیست '!AK6,"") | I26: =IF(H26<>"",SUM(G26:H26),"") | K26: =IF('لیست '!P7<>"",'لیست '!P7,"") | L26: =IF('لیست '!AK7<>"",'لیست '!AK7,"") | M26: =IF(L26<>"",SUM(K26:L26),"") | O26: =IF('لیست '!P8<>"",'لیست '!P8,"") | P26: =IF('لیست '!AK8<>"",'لیست '!AK8,"") | Q26: =IF(P26<>"",SUM(O26:P26),"") | S26: =IF('لیست '!P9<>"",'لیست '!P9,"") | T26: =IF('لیست '!AK9<>"",'لیست '!AK9,"") | U26: =IF(T26<>"",SUM(S26:T26),"") | W26: =IF('لیست '!P10<>"",'لیست '!P10,"") | X26: =IF('لیست '!AK10<>"",'لیست '!AK10,"") | Y26: =IF(X26<>"",SUM(W26:X26),"") | AA26: =IF('لیست '!P11<>"",'لیست '!P11,"") | AB26: =IF('لیست '!AK11<>"",'لیست '!AK11,"") | AC26: =IF(AB26<>"",SUM(AA26:AB26),"") | AE26: =IF('لیست '!P12<>"",'لیست '!P12,"") | AF26: =IF('لیست '!AK12<>"",'لیست '!AK12,"") | AG26: =IF(AF26<>"",SUM(AE26:AF26),"") | AI26: =IF('لیست '!P13<>"",'لیست '!P13,"") | AJ26: =IF('لیست '!AK13<>"",'لیست '!AK13,"") | AK26: =IF(AJ26<>"",SUM(AI26:AJ26),"") | AM26: =IF('لیست '!P14<>"",'لیست '!P14,"") | AN26: =IF('لیست '!AK14<>"",'لیست '!AK14,"") | AO26: =IF(AN26<>"",SUM(AM26:AN26),"") | AQ26: =IF('لیست '!P15<>"",'لیست '!P15,"") | AR26: =IF('لیست '!AK15<>"",'لیست '!AK15,"") | AS26: =IF(AR26<>"",SUM(AQ26:AR26),"") | AU26: =IF('لیست '!P16<>"",'لیست '!P16,"") | AV26: =IF('لیست '!AK16<>"",'لیست '!AK16,"") | AW26: =IF(AV26<>"",SUM(AU26:AV26),"") | AY26: =IF('لیست '!P17<>"",'لیست '!P17,"") | AZ26: =IF('لیست '!AK17<>"",'لیست '!AK17,"") | BA26: =IF(AZ26<>"",SUM(AY26:AZ26),"") | BC26: =IF('لیست '!P18<>"",'لیست '!P18,"") | BD26: =IF('لیست '!AK18<>"",'لیست '!AK18,"") | BE26: =IF(BD26<>"",SUM(BC26:BD26),"") | BG26: =IF('لیست '!P19<>"",'لیست '!P19,"") | BH26: =IF('لیست '!AK19<>"",'لیست '!AK19,"") | BI26: =IF(BH26<>"",SUM(BG26:BH26),"") | BK26: =IF('لیست '!P20<>"",'لیست '!P20,"") | BL26: =IF('لیست '!AK20<>"",'لیست '!AK20,"") | BM26: =IF(BL26<>"",SUM(BK26:BL26),"") | BO26: =IF('لیست '!P21<>"",'لیست '!P21,"") | BP26: =IF('لیست '!AK21<>"",'لیست '!AK21,"") | BQ26: =IF(BP26<>"",SUM(BO26:BP26),"") | BS26: =IF('لیست '!P22<>"",'لیست '!P22,"") | BT26: =IF('لیست '!AK22<>"",'لیست '!AK22,"") | BU26: =IF(BT26<>"",SUM(BS26:BT26),"") | BW26: =IF('لیست '!P23<>"",'لیست '!P23,"") | BX26: =IF('لیست '!AK23<>"",'لیست '!AK23,"") | BY26: =IF(BX26<>"",SUM(BW26:BX26),"") | CA26: =IF('لیست '!P24<>"",'لیست '!P24,"") | CB26: =IF('لیست '!AK24<>"",'لیست '!AK24,"") | CC26: =IF(CB26<>"",SUM(CA26:CB26),"") | CE26: =IF('لیست '!P25<>"",'لیست '!P25,"") | CF26: =IF('لیست '!AK25<>"",'لیست '!AK25,"") | CG26: =IF(CF26<>"",SUM(CE26:CF26),"") | CI26: =IF('لیست '!P26<>"",'لیست '!P26,"") | CJ26: =IF('لیست '!AK26<>"",'لیست '!AK26,"") | CK26: =IF(CJ26<>"",SUM(CI26:CJ26),"") | CM26: =IF('لیست '!P27<>"",'لیست '!P27,"") | CN26: =IF('لیست '!AK27<>"",'لیست '!AK27,"") | CO26: =IF(CN26<>"",SUM(CM26:CN26),"") | CQ26: =IF('لیست '!P28<>"",'لیست '!P28,"") | CR26: =IF('لیست '!AK28<>"",'لیست '!AK28,"") | CS26: =IF(CR26<>"",SUM(CQ26:CR26),"") | CU26: =IF('لیست '!P29<>"",'لیست '!P29,"") | CV26: =IF('لیست '!AK29<>"",'لیست '!AK29,"") | CW26: =IF(CV26<>"",SUM(CU26:CV26),"") | CY26: =IF('لیست '!P30<>"",'لیست '!P30,"") | CZ26: =IF('لیست '!AK30<>"",'لیست '!AK30,"") | DA26: =IF(CZ26<>"",SUM(CY26:CZ26),"") | DC26: =IF('لیست '!P31<>"",'لیست '!P31,"") | DD26: =IF('لیست '!AK31<>"",'لیست '!AK31,"") | DE26: =IF(DD26<>"",SUM(DC26:DD26),"") | DG26: =IF('لیست '!P32<>"",'لیست '!P32,"") | DH26: =IF('لیست '!AK32<>"",'لیست '!AK32,"") | DI26: =IF(DH26<>"",SUM(DG26:DH26),"") | DK26: =IF('لیست '!P33<>"",'لیست '!P33,"") | DL26: =IF('لیست '!AK33<>"",'لیست '!AK33,"") | DM26: =IF(DL26<>"",SUM(DK26:DL26),"") | DO26: =IF('لیست '!P34<>"",'لیست '!P34,"") | DP26: =IF('لیست '!AK34<>"",'لیست '!AK34,"") | DQ26: =IF(DP26<>"",SUM(DO26:DP26),"") | DS26: =IF('لیست '!P35<>"",'لیست '!P35,"") | DT26: =IF('لیست '!AK35<>"",'لیست '!AK35,"") | DU26: =IF(DT26<>"",SUM(DS26:DT26),"") | DW26: =IF('لیست '!P36<>"",'لیست '!P36,"") | DX26: =IF('لیست '!AK36<>"",'لیست '!AK36,"") | DY26: =IF(DX26<>"",SUM(DW26:DX26),"") | EA26: =IF('لیست '!P37<>"",'لیست '!P37,"") | EB26: =IF('لیست '!AK37<>"",'لیست '!AK37,"") | EC26: =IF(EB26<>"",SUM(EA26:EB26),"") | EE26: =IF('لیست '!P38<>"",'لیست '!P38,"") | EF26: =IF('لیست '!AK38<>"",'لیست '!AK38,"") | EG26: =IF(EF26<>"",SUM(EE26:EF26),"") | EI26: =IF('لیست '!P39<>"",'لیست '!P39,"") | EJ26: =IF('لیست '!AK39<>"",'لیست '!AK39,"") | EK26: =IF(EJ26<>"",SUM(EI26:EJ26),"") | EM26: =IF('لیست '!P40<>"",'لیست '!P40,"") | EN26: =IF('لیست '!AK40<>"",'لیست '!AK40,"") | EO26: =IF(EN26<>"",SUM(EM26:EN26),"") | EQ26: =IF('لیست '!P41<>"",'لیست '!P41,"") | ER26: =IF('لیست '!AK41<>"",'لیست '!AK41,"") | ES26: =IF(ER26<>"",SUM(EQ26:ER26),"") | EU26: =IF('لیست '!P42<>"",'لیست '!P42,"") | EV26: =IF('لیست '!AK42<>"",'لیست '!AK42,"") | EW26: =IF(EV26<>"",SUM(EU26:EV26),"") | EY26: =IF('لیست '!P43<>"",'لیست '!P43,"") | EZ26: =IF('لیست '!AK43<>"",'لیست '!AK43,"") | FA26: =IF(EZ26<>"",SUM(EY26:EZ26),"") | FC26: =IF('لیست '!P44<>"",'لیست '!P44,"") | FD26: =IF('لیست '!AK44<>"",'لیست '!AK44,"") | FE26: =IF(FD26<>"",SUM(FC26:FD26),"") | FG26: =IF('لیست '!P45<>"",'لیست '!P45,"") | FH26: =IF('لیست '!AK45<>"",'لیست '!AK45,"") | FI26: =IF(FH26<>"",SUM(FG26:FH26),"") | FK26: =IF('لیست '!P46<>"",'لیست '!P46,"") | FL26: =IF('لیست '!AK46<>"",'لیست '!AK46,"") | FM26: =IF(FL26<>"",SUM(FK26:FL26),"") | FO26: =IF('لیست '!P47<>"",'لیست '!P47,"") | FP26: =IF('لیست '!AK47<>"",'لیست '!AK47,"") | FQ26: =IF(FP26<>"",SUM(FO26:FP26),"") | FS26: =IF('لیست '!P48<>"",'لیست '!P48,"") | FT26: =IF('لیست '!AK48<>"",'لیست '!AK48,"") | FU26: =IF(FT26<>"",SUM(FS26:FT26),"") | FW26: =IF('لیست '!P49<>"",'لیست '!P49,"") | FX26: =IF('لیست '!AK49<>"",'لیست '!AK49,"") | FY26: =IF(FX26<>"",SUM(FW26:FX26),"") | GA26: =IF('لیست '!P50<>"",'لیست '!P50,"") | GB26: =IF('لیست '!AK50<>"",'لیست '!AK50,"") | GC26: =IF(GB26<>"",SUM(GA26:GB26),"") | GE26: =IF('لیست '!P51<>"",'لیست '!P51,"") | GF26: =IF('لیست '!AK51<>"",'لیست '!AK51,"") | GG26: =IF(GF26<>"",SUM(GE26:GF26),"") | GI26: =IF('لیست '!P52<>"",'لیست '!P52,"") | GJ26: =IF('لیست '!AK52<>"",'لیست '!AK52,"") | GK26: =IF(GJ26<>"",SUM(GI26:GJ26),"") | GM26: =IF('لیست '!P53<>"",'لیست '!P53,"") | GN26: =IF('لیست '!AK53<>"",'لیست '!AK53,"") | GO26: =IF(GN26<>"",SUM(GM26:GN26),"") | GQ26: =IF('لیست '!P54<>"",'لیست '!P54,"") | GR26: =IF('لیست '!AK54<>"",'لیست '!AK54,"") | GS26: =IF(GR26<>"",SUM(GQ26:GR26),"") | GU26: =IF('لیست '!P55<>"",'لیست '!P55,"") | GV26: =IF('لیست '!AK55<>"",'لیست '!AK55,"") | GW26: =IF(GV26<>"",SUM(GU26:GV26),"") | GY26: =IF('لیست '!P56<>"",'لیست '!P56,"") | GZ26: =IF('لیست '!AK56<>"",'لیست '!AK56,"") | HA26: =IF(GZ26<>"",SUM(GY26:GZ26),"") | HC26: =IF('لیست '!P57<>"",'لیست '!P57,"") | HD26: =IF('لیست '!AK57<>"",'لیست '!AK57,"") | HE26: =IF(HD26<>"",SUM(HC26:HD26),"") | HG26: =IF('لیست '!P58<>"",'لیست '!P58,"") | HH26: =IF('لیست '!AK58<>"",'لیست '!AK58,"") | HI26: =IF(HH26<>"",SUM(HG26:HH26),"") | HK26: =IF('لیست '!P59<>"",'لیست '!P59,"") | HL26: =IF('لیست '!AK59<>"",'لیست '!AK59,"") | HM26: =IF(HL26<>"",SUM(HK26:HL26),"") | HO26: =IF('لیست '!P60<>"",'لیست '!P60,"") | HP26: =IF('لیست '!AK60<>"",'لیست '!AK60,"") | HQ26: =IF(HP26<>"",SUM(HO26:HP26),"") | HS26: =IF('لیست '!P61<>"",'لیست '!P61,"") | HT26: =IF('لیست '!AK61<>"",'لیست '!AK61,"") | HU26: =IF(HT26<>"",SUM(HS26:HT26),"") | HW26: =IF('لیست '!P62<>"",'لیست '!P62,"") | HX26: =IF('لیست '!AK62<>"",'لیست '!AK62,"") | HY26: =IF(HX26<>"",SUM(HW26:HX26),"") | IA26: =IF('لیست '!P63<>"",'لیست '!P63,"") | IB26: =IF('لیست '!AK63<>"",'لیست '!AK63,"") | IC26: =IF(IB26<>"",SUM(IA26:IB26),"") | IE26: =IF('لیست '!P64<>"",'لیست '!P64,"") | IF26: =IF('لیست '!AK64<>"",'لیست '!AK64,"") | IG26: =IF(IF26<>"",SUM(IE26:IF26),"") | II26: =IF('لیست '!P65<>"",'لیست '!P65,"") | IJ26: =IF('لیست '!AK65<>"",'لیست '!AK65,"") | IK26: =IF(IJ26<>"",SUM(II26:IJ26),"") | IM26: =IF('لیست '!P66<>"",'لیست '!P66,"") | IN26: =IF('لیست '!AK66<>"",'لیست '!AK66,"") | IO26: =IF(IN26<>"",SUM(IM26:IN26),"") | IQ26: =IF('لیست '!P67<>"",'لیست '!P67,"") | IR26: =IF('لیست '!AK67<>"",'لیست '!AK67,"") | IS26: =IF(IR26<>"",SUM(IQ26:IR26),"") | IU26: =IF('لیست '!P68<>"",'لیست '!P68,"") | IV26: =IF('لیست '!AK68<>"",'لیست '!AK68,"") | IW26: =IF(IV26<>"",SUM(IU26:IV26),"") | IY26: =IF('لیست '!P69<>"",'لیست '!P69,"") | IZ26: =IF('لیست '!AK69<>"",'لیست '!AK69,"") | JA26: =IF(IZ26<>"",SUM(IY26:IZ26),"") | JC26: =IF('لیست '!P70<>"",'لیست '!P70,"") | JD26: =IF('لیست '!AK70<>"",'لیست '!AK70,"") | JE26: =IF(JD26<>"",SUM(JC26:JD26),"") | JG26: =IF('لیست '!P71<>"",'لیست '!P71,"") | JH26: =IF('لیست '!AK71<>"",'لیست '!AK71,"") | JI26: =IF(JH26<>"",SUM(JG26:JH26),"") | JK26: =IF('لیست '!P72<>"",'لیست '!P72,"") | JL26: =IF('لیست '!AK72<>"",'لیست '!AK72,"") | JM26: =IF(JL26<>"",SUM(JK26:JL26),"") | JO26: =IF('لیست '!P73<>"",'لیست '!P73,"") | JP26: =IF('لیست '!AK73<>"",'لیست '!AK73,"") | JQ26: =IF(JP26<>"",SUM(JO26:JP26),"") | JS26: =IF('لیست '!P74<>"",'لیست '!P74,"") | JT26: =IF('لیست '!AK74<>"",'لیست '!AK74,"") | JU26: =IF(JT26<>"",SUM(JS26:JT26),"") | JW26: =IF('لیست '!P75<>"",'لیست '!P75,"") | JX26: =IF('لیست '!AK75<>"",'لیست '!AK75,"") | JY26: =IF(JX26<>"",SUM(JW26:JX26),"") | KA26: =IF('لیست '!P76<>"",'لیست '!P76,"") | KB26: =IF('لیست '!AK76<>"",'لیست '!AK76,"") | KC26: =IF(KB26<>"",SUM(KA26:KB26),"") | KE26: =IF('لیست '!P77<>"",'لیست '!P77,"") | KF26: =IF('لیست '!AK77<>"",'لیست '!AK77,"") | KG26: =IF(KF26<>"",SUM(KE26:KF26),"") | KI26: =IF('لیست '!P78<>"",'لیست '!P78,"") | KJ26: =IF('لیست '!AK78<>"",'لیست '!AK78,"") | KK26: =IF(KJ26<>"",SUM(KI26:KJ26),"") | KM26: =IF('لیست '!P79<>"",'لیست '!P79,"") | KN26: =IF('لیست '!AK79<>"",'لیست '!AK79,"") | KO26: =IF(KN26<>"",SUM(KM26:KN26),"") | KQ26: =IF('لیست '!P80<>"",'لیست '!P80,"") | KR26: =IF('لیست '!AK80<>"",'لیست '!AK80,"") | KS26: =IF(KR26<>"",SUM(KQ26:KR26),"") | KU26: =IF('لیست '!P81<>"",'لیست '!P81,"") | KV26: =IF('لیست '!AK81<>"",'لیست '!AK81,"") | KW26: =IF(KV26<>"",SUM(KU26:KV26),"") | KY26: =IF('لیست '!P82<>"",'لیست '!P82,"") | KZ26: =IF('لیست '!AK82<>"",'لیست '!AK82,"") | LA26: =IF(KZ26<>"",SUM(KY26:KZ26),"") | LC26: =IF('لیست '!P83<>"",'لیست '!P83,"") | LD26: =IF('لیست '!AK83<>"",'لیست '!AK83,"") | LE26: =IF(LD26<>"",SUM(LC26:LD26),"") | LG26: =IF('لیست '!P84<>"",'لیست '!P84,"") | LH26: =IF('لیست '!AK84<>"",'لیست '!AK84,"") | LI26: =IF(LH26<>"",SUM(LG26:LH26),"") | LK26: =IF('لیست '!P85<>"",'لیست '!P85,"") | LL26: =IF('لیست '!AK85<>"",'لیست '!AK85,"") | LM26: =IF(LL26<>"",SUM(LK26:LL26),"") | LO26: =IF('لیست '!P86<>"",'لیست '!P86,"") | LP26: =IF('لیست '!AK86<>"",'لیست '!AK86,"") | LQ26: =IF(LP26<>"",SUM(LO26:LP26),"") | LS26: =IF('لیست '!P87<>"",'لیست '!P87,"") | LT26: =IF('لیست '!AK87<>"",'لیست '!AK87,"") | LU26: =IF(LT26<>"",SUM(LS26:LT26),"") | LW26: =IF('لیست '!P88<>"",'لیست '!P88,"") | LX26: =IF('لیست '!AK88<>"",'لیست '!AK88,"") | LY26: =IF(LX26<>"",SUM(LW26:LX26),"") | MA26: =IF('لیست '!P89<>"",'لیست '!P89,"") | MB26: =IF('لیست '!AK89<>"",'لیست '!AK89,"") | MC26: =IF(MB26<>"",SUM(MA26:MB26),"") | ME26: =IF('لیست '!P90<>"",'لیست '!P90,"") | MF26: =IF('لیست '!AK90<>"",'لیست '!AK90,"") | MG26: =IF(MF26<>"",SUM(ME26:MF26),"") | MI26: =IF('لیست '!P91<>"",'لیست '!P91,"") | MJ26: =IF('لیست '!AK91<>"",'لیست '!AK91,"") | MK26: =IF(MJ26<>"",SUM(MI26:MJ26),"") | MM26: =IF('لیست '!P92<>"",'لیست '!P92,"") | MN26: =IF('لیست '!AK92<>"",'لیست '!AK92,"") | MO26: =IF(MN26<>"",SUM(MM26:MN26),"") | MQ26: =IF('لیست '!P93<>"",'لیست '!P93,"") | MR26: =IF('لیست '!AK93<>"",'لیست '!AK93,"") | MS26: =IF(MR26<>"",SUM(MQ26:MR26),"") | MU26: =IF('لیست '!P94<>"",'لیست '!P94,"") | MV26: =IF('لیست '!AK94<>"",'لیست '!AK94,"") | MW26: =IF(MV26<>"",SUM(MU26:MV26),"") | MY26: =IF('لیست '!P95<>"",'لیست '!P95,"") | MZ26: =IF('لیست '!AK95<>"",'لیست '!AK95,"") | NA26: =IF(MZ26<>"",SUM(MY26:MZ26),"") | NC26: =IF('لیست '!P96<>"",'لیست '!P96,"") | ND26: =IF('لیست '!AK96<>"",'لیست '!AK96,"") | NE26: =IF(ND26<>"",SUM(NC26:ND26),"") | NG26: =IF('لیست '!P97<>"",'لیست '!P97,"") | NH26: =IF('لیست '!AK97<>"",'لیست '!AK97,"") | NI26: =IF(NH26<>"",SUM(NG26:NH26),"") | NK26: =IF('لیست '!P98<>"",'لیست '!P98,"") | NL26: =IF('لیست '!AK98<>"",'لیست '!AK98,"") | NM26: =IF(NL26<>"",SUM(NK26:NL26),"") | NO26: =IF('لیست '!P99<>"",'لیست '!P99,"") | NP26: =IF('لیست '!AK99<>"",'لیست '!AK99,"") | NQ26: =IF(NP26<>"",SUM(NO26:NP26),"") | NS26: =IF('لیست '!P100<>"",'لیست '!P100,"") | NT26: =IF('لیست '!AK100<>"",'لیست '!AK100,"") | NU26: =IF(NT26<>"",SUM(NS26:NT26),"") | NW26: =IF('لیست '!P101<>"",'لیست '!P101,"") | NX26: =IF('لیست '!AK101<>"",'لیست '!AK101,"") | NY26: =IF(NX26<>"",SUM(NW26:NX26),"") | OA26: =IF('لیست '!P102<>"",'لیست '!P102,"") | OB26: =IF('لیست '!AK102<>"",'لیست '!AK102,"") | OC26: =IF(OB26<>"",SUM(OA26:OB26),"")
A27: ='لیست '!Q3 -> ریاضی | C27: =IF('لیست '!Q5<>"",'لیست '!Q5,"") | D27: =IF('لیست '!AL5<>"",'لیست '!AL5,"") | E27: =IF(D27<>"",SUM(C27:D27),"") | G27: =IF('لیست '!Q6<>"",'لیست '!Q6,"") | H27: =IF('لیست '!AL6<>"",'لیست '!AL6,"") | I27: =IF(H27<>"",SUM(G27:H27),"") | K27: =IF('لیست '!Q7<>"",'لیست '!Q7,"") | L27: =IF('لیست '!AL7<>"",'لیست '!AL7,"") | M27: =IF(L27<>"",SUM(K27:L27),"") | O27: =IF('لیست '!Q8<>"",'لیست '!Q8,"") | P27: =IF('لیست '!AL8<>"",'لیست '!AL8,"") | Q27: =IF(P27<>"",SUM(O27:P27),"") | S27: =IF('لیست '!Q9<>"",'لیست '!Q9,"") | T27: =IF('لیست '!AL9<>"",'لیست '!AL9,"") | U27: =IF(T27<>"",SUM(S27:T27),"") | W27: =IF('لیست '!Q10<>"",'لیست '!Q10,"") | X27: =IF('لیست '!AL10<>"",'لیست '!AL10,"") | Y27: =IF(X27<>"",SUM(W27:X27),"") | AA27: =IF('لیست '!Q11<>"",'لیست '!Q11,"") | AB27: =IF('لیست '!AL11<>"",'لیست '!AL11,"") | AC27: =IF(AB27<>"",SUM(AA27:AB27),"") | AE27: =IF('لیست '!Q12<>"",'لیست '!Q12,"") | AF27: =IF('لیست '!AL12<>"",'لیست '!AL12,"") | AG27: =IF(AF27<>"",SUM(AE27:AF27),"") | AI27: =IF('لیست '!Q13<>"",'لیست '!Q13,"") | AJ27: =IF('لیست '!AL13<>"",'لیست '!AL13,"") | AK27: =IF(AJ27<>"",SUM(AI27:AJ27),"") | AM27: =IF('لیست '!Q14<>"",'لیست '!Q14,"") | AN27: =IF('لیست '!AL14<>"",'لیست '!AL14,"") | AO27: =IF(AN27<>"",SUM(AM27:AN27),"") | AQ27: =IF('لیست '!Q15<>"",'لیست '!Q15,"") | AR27: =IF('لیست '!AL15<>"",'لیست '!AL15,"") | AS27: =IF(AR27<>"",SUM(AQ27:AR27),"") | AU27: =IF('لیست '!Q16<>"",'لیست '!Q16,"") | AV27: =IF('لیست '!AL16<>"",'لیست '!AL16,"") | AW27: =IF(AV27<>"",SUM(AU27:AV27),"") | AY27: =IF('لیست '!Q17<>"",'لیست '!Q17,"") | AZ27: =IF('لیست '!AL17<>"",'لیست '!AL17,"") | BA27: =IF(AZ27<>"",SUM(AY27:AZ27),"") | BC27: =IF('لیست '!Q18<>"",'لیست '!Q18,"") | BD27: =IF('لیست '!AL18<>"",'لیست '!AL18,"") | BE27: =IF(BD27<>"",SUM(BC27:BD27),"") | BG27: =IF('لیست '!Q19<>"",'لیست '!Q19,"") | BH27: =IF('لیست '!AL19<>"",'لیست '!AL19,"") | BI27: =IF(BH27<>"",SUM(BG27:BH27),"") | BK27: =IF('لیست '!Q20<>"",'لیست '!Q20,"") | BL27: =IF('لیست '!AL20<>"",'لیست '!AL20,"") | BM27: =IF(BL27<>"",SUM(BK27:BL27),"") | BO27: =IF('لیست '!Q21<>"",'لیست '!Q21,"") | BP27: =IF('لیست '!AL21<>"",'لیست '!AL21,"") | BQ27: =IF(BP27<>"",SUM(BO27:BP27),"") | BS27: =IF('لیست '!Q22<>"",'لیست '!Q22,"") | BT27: =IF('لیست '!AL22<>"",'لیست '!AL22,"") | BU27: =IF(BT27<>"",SUM(BS27:BT27),"") | BW27: =IF('لیست '!Q23<>"",'لیست '!Q23,"") | BX27: =IF('لیست '!AL23<>"",'لیست '!AL23,"") | BY27: =IF(BX27<>"",SUM(BW27:BX27),"") | CA27: =IF('لیست '!Q24<>"",'لیست '!Q24,"") | CB27: =IF('لیست '!AL24<>"",'لیست '!AL24,"") | CC27: =IF(CB27<>"",SUM(CA27:CB27),"") | CE27: =IF('لیست '!Q25<>"",'لیست '!Q25,"") | CF27: =IF('لیست '!AL25<>"",'لیست '!AL25,"") | CG27: =IF(CF27<>"",SUM(CE27:CF27),"") | CI27: =IF('لیست '!Q26<>"",'لیست '!Q26,"") | CJ27: =IF('لیست '!AL26<>"",'لیست '!AL26,"") | CK27: =IF(CJ27<>"",SUM(CI27:CJ27),"") | CM27: =IF('لیست '!Q27<>"",'لیست '!Q27,"") | CN27: =IF('لیست '!AL27<>"",'لیست '!AL27,"") | CO27: =IF(CN27<>"",SUM(CM27:CN27),"") | CQ27: =IF('لیست '!Q28<>"",'لیست '!Q28,"") | CR27: =IF('لیست '!AL28<>"",'لیست '!AL28,"") | CS27: =IF(CR27<>"",SUM(CQ27:CR27),"") | CU27: =IF('لیست '!Q29<>"",'لیست '!Q29,"") | CV27: =IF('لیست '!AL29<>"",'لیست '!AL29,"") | CW27: =IF(CV27<>"",SUM(CU27:CV27),"") | CY27: =IF('لیست '!Q30<>"",'لیست '!Q30,"") | CZ27: =IF('لیست '!AL30<>"",'لیست '!AL30,"") | DA27: =IF(CZ27<>"",SUM(CY27:CZ27),"") | DC27: =IF('لیست '!Q31<>"",'لیست '!Q31,"") | DD27: =IF('لیست '!AL31<>"",'لیست '!AL31,"") | DE27: =IF(DD27<>"",SUM(DC27:DD27),"") | DG27: =IF('لیست '!Q32<>"",'لیست '!Q32,"") | DH27: =IF('لیست '!AL32<>"",'لیست '!AL32,"") | DI27: =IF(DH27<>"",SUM(DG27:DH27),"") | DK27: =IF('لیست '!Q33<>"",'لیست '!Q33,"") | DL27: =IF('لیست '!AL33<>"",'لیست '!AL33,"") | DM27: =IF(DL27<>"",SUM(DK27:DL27),"") | DO27: =IF('لیست '!Q34<>"",'لیست '!Q34,"") | DP27: =IF('لیست '!AL34<>"",'لیست '!AL34,"") | DQ27: =IF(DP27<>"",SUM(DO27:DP27),"") | DS27: =IF('لیست '!Q35<>"",'لیست '!Q35,"") | DT27: =IF('لیست '!AL35<>"",'لیست '!AL35,"") | DU27: =IF(DT27<>"",SUM(DS27:DT27),"") | DW27: =IF('لیست '!Q36<>"",'لیست '!Q36,"") | DX27: =IF('لیست '!AL36<>"",'لیست '!AL36,"") | DY27: =IF(DX27<>"",SUM(DW27:DX27),"") | EA27: =IF('لیست '!Q37<>"",'لیست '!Q37,"") | EB27: =IF('لیست '!AL37<>"",'لیست '!AL37,"") | EC27: =IF(EB27<>"",SUM(EA27:EB27),"") | EE27: =IF('لیست '!Q38<>"",'لیست '!Q38,"") | EF27: =IF('لیست '!AL38<>"",'لیست '!AL38,"") | EG27: =IF(EF27<>"",SUM(EE27:EF27),"") | EI27: =IF('لیست '!Q39<>"",'لیست '!Q39,"") | EJ27: =IF('لیست '!AL39<>"",'لیست '!AL39,"") | EK27: =IF(EJ27<>"",SUM(EI27:EJ27),"") | EM27: =IF('لیست '!Q40<>"",'لیست '!Q40,"") | EN27: =IF('لیست '!AL40<>"",'لیست '!AL40,"") | EO27: =IF(EN27<>"",SUM(EM27:EN27),"") | EQ27: =IF('لیست '!Q41<>"",'لیست '!Q41,"") | ER27: =IF('لیست '!AL41<>"",'لیست '!AL41,"") | ES27: =IF(ER27<>"",SUM(EQ27:ER27),"") | EU27: =IF('لیست '!Q42<>"",'لیست '!Q42,"") | EV27: =IF('لیست '!AL42<>"",'لیست '!AL42,"") | EW27: =IF(EV27<>"",SUM(EU27:EV27),"") | EY27: =IF('لیست '!Q43<>"",'لیست '!Q43,"") | EZ27: =IF('لیست '!AL43<>"",'لیست '!AL43,"") | FA27: =IF(EZ27<>"",SUM(EY27:EZ27),"") | FC27: =IF('لیست '!Q44<>"",'لیست '!Q44,"") | FD27: =IF('لیست '!AL44<>"",'لیست '!AL44,"") | FE27: =IF(FD27<>"",SUM(FC27:FD27),"") | FG27: =IF('لیست '!Q45<>"",'لیست '!Q45,"") | FH27: =IF('لیست '!AL45<>"",'لیست '!AL45,"") | FI27: =IF(FH27<>"",SUM(FG27:FH27),"") | FK27: =IF('لیست '!Q46<>"",'لیست '!Q46,"") | FL27: =IF('لیست '!AL46<>"",'لیست '!AL46,"") | FM27: =IF(FL27<>"",SUM(FK27:FL27),"") | FO27: =IF('لیست '!Q47<>"",'لیست '!Q47,"") | FP27: =IF('لیست '!AL47<>"",'لیست '!AL47,"") | FQ27: =IF(FP27<>"",SUM(FO27:FP27),"") | FS27: =IF('لیست '!Q48<>"",'لیست '!Q48,"") | FT27: =IF('لیست '!AL48<>"",'لیست '!AL48,"") | FU27: =IF(FT27<>"",SUM(FS27:FT27),"") | FW27: =IF('لیست '!Q49<>"",'لیست '!Q49,"") | FX27: =IF('لیست '!AL49<>"",'لیست '!AL49,"") | FY27: =IF(FX27<>"",SUM(FW27:FX27),"") | GA27: =IF('لیست '!Q50<>"",'لیست '!Q50,"") | GB27: =IF('لیست '!AL50<>"",'لیست '!AL50,"") | GC27: =IF(GB27<>"",SUM(GA27:GB27),"") | GE27: =IF('لیست '!Q51<>"",'لیست '!Q51,"") | GF27: =IF('لیست '!AL51<>"",'لیست '!AL51,"") | GG27: =IF(GF27<>"",SUM(GE27:GF27),"") | GI27: =IF('لیست '!Q52<>"",'لیست '!Q52,"") | GJ27: =IF('لیست '!AL52<>"",'لیست '!AL52,"") | GK27: =IF(GJ27<>"",SUM(GI27:GJ27),"") | GM27: =IF('لیست '!Q53<>"",'لیست '!Q53,"") | GN27: =IF('لیست '!AL53<>"",'لیست '!AL53,"") | GO27: =IF(GN27<>"",SUM(GM27:GN27),"") | GQ27: =IF('لیست '!Q54<>"",'لیست '!Q54,"") | GR27: =IF('لیست '!AL54<>"",'لیست '!AL54,"") | GS27: =IF(GR27<>"",SUM(GQ27:GR27),"") | GU27: =IF('لیست '!Q55<>"",'لیست '!Q55,"") | GV27: =IF('لیست '!AL55<>"",'لیست '!AL55,"") | GW27: =IF(GV27<>"",SUM(GU27:GV27),"") | GY27: =IF('لیست '!Q56<>"",'لیست '!Q56,"") | GZ27: =IF('لیست '!AL56<>"",'لیست '!AL56,"") | HA27: =IF(GZ27<>"",SUM(GY27:GZ27),"") | HC27: =IF('لیست '!Q57<>"",'لیست '!Q57,"") | HD27: =IF('لیست '!AL57<>"",'لیست '!AL57,"") | HE27: =IF(HD27<>"",SUM(HC27:HD27),"") | HG27: =IF('لیست '!Q58<>"",'لیست '!Q58,"") | HH27: =IF('لیست '!AL58<>"",'لیست '!AL58,"") | HI27: =IF(HH27<>"",SUM(HG27:HH27),"") | HK27: =IF('لیست '!Q59<>"",'لیست '!Q59,"") | HL27: =IF('لیست '!AL59<>"",'لیست '!AL59,"") | HM27: =IF(HL27<>"",SUM(HK27:HL27),"") | HO27: =IF('لیست '!Q60<>"",'لیست '!Q60,"") | HP27: =IF('لیست '!AL60<>"",'لیست '!AL60,"") | HQ27: =IF(HP27<>"",SUM(HO27:HP27),"") | HS27: =IF('لیست '!Q61<>"",'لیست '!Q61,"") | HT27: =IF('لیست '!AL61<>"",'لیست '!AL61,"") | HU27: =IF(HT27<>"",SUM(HS27:HT27),"") | HW27: =IF('لیست '!Q62<>"",'لیست '!Q62,"") | HX27: =IF('لیست '!AL62<>"",'لیست '!AL62,"") | HY27: =IF(HX27<>"",SUM(HW27:HX27),"") | IA27: =IF('لیست '!Q63<>"",'لیست '!Q63,"") | IB27: =IF('لیست '!AL63<>"",'لیست '!AL63,"") | IC27: =IF(IB27<>"",SUM(IA27:IB27),"") | IE27: =IF('لیست '!Q64<>"",'لیست '!Q64,"") | IF27: =IF('لیست '!AL64<>"",'لیست '!AL64,"") | IG27: =IF(IF27<>"",SUM(IE27:IF27),"") | II27: =IF('لیست '!Q65<>"",'لیست '!Q65,"") | IJ27: =IF('لیست '!AL65<>"",'لیست '!AL65,"") | IK27: =IF(IJ27<>"",SUM(II27:IJ27),"") | IM27: =IF('لیست '!Q66<>"",'لیست '!Q66,"") | IN27: =IF('لیست '!AL66<>"",'لیست '!AL66,"") | IO27: =IF(IN27<>"",SUM(IM27:IN27),"") | IQ27: =IF('لیست '!Q67<>"",'لیست '!Q67,"") | IR27: =IF('لیست '!AL67<>"",'لیست '!AL67,"") | IS27: =IF(IR27<>"",SUM(IQ27:IR27),"") | IU27: =IF('لیست '!Q68<>"",'لیست '!Q68,"") | IV27: =IF('لیست '!AL68<>"",'لیست '!AL68,"") | IW27: =IF(IV27<>"",SUM(IU27:IV27),"") | IY27: =IF('لیست '!Q69<>"",'لیست '!Q69,"") | IZ27: =IF('لیست '!AL69<>"",'لیست '!AL69,"") | JA27: =IF(IZ27<>"",SUM(IY27:IZ27),"") | JC27: =IF('لیست '!Q70<>"",'لیست '!Q70,"") | JD27: =IF('لیست '!AL70<>"",'لیست '!AL70,"") | JE27: =IF(JD27<>"",SUM(JC27:JD27),"") | JG27: =IF('لیست '!Q71<>"",'لیست '!Q71,"") | JH27: =IF('لیست '!AL71<>"",'لیست '!AL71,"") | JI27: =IF(JH27<>"",SUM(JG27:JH27),"") | JK27: =IF('لیست '!Q72<>"",'لیست '!Q72,"") | JL27: =IF('لیست '!AL72<>"",'لیست '!AL72,"") | JM27: =IF(JL27<>"",SUM(JK27:JL27),"") | JO27: =IF('لیست '!Q73<>"",'لیست '!Q73,"") | JP27: =IF('لیست '!AL73<>"",'لیست '!AL73,"") | JQ27: =IF(JP27<>"",SUM(JO27:JP27),"") | JS27: =IF('لیست '!Q74<>"",'لیست '!Q74,"") | JT27: =IF('لیست '!AL74<>"",'لیست '!AL74,"") | JU27: =IF(JT27<>"",SUM(JS27:JT27),"") | JW27: =IF('لیست '!Q75<>"",'لیست '!Q75,"") | JX27: =IF('لیست '!AL75<>"",'لیست '!AL75,"") | JY27: =IF(JX27<>"",SUM(JW27:JX27),"") | KA27: =IF('لیست '!Q76<>"",'لیست '!Q76,"") | KB27: =IF('لیست '!AL76<>"",'لیست '!AL76,"") | KC27: =IF(KB27<>"",SUM(KA27:KB27),"") | KE27: =IF('لیست '!Q77<>"",'لیست '!Q77,"") | KF27: =IF('لیست '!AL77<>"",'لیست '!AL77,"") | KG27: =IF(KF27<>"",SUM(KE27:KF27),"") | KI27: =IF('لیست '!Q78<>"",'لیست '!Q78,"") | KJ27: =IF('لیست '!AL78<>"",'لیست '!AL78,"") | KK27: =IF(KJ27<>"",SUM(KI27:KJ27),"") | KM27: =IF('لیست '!Q79<>"",'لیست '!Q79,"") | KN27: =IF('لیست '!AL79<>"",'لیست '!AL79,"") | KO27: =IF(KN27<>"",SUM(KM27:KN27),"") | KQ27: =IF('لیست '!Q80<>"",'لیست '!Q80,"") | KR27: =IF('لیست '!AL80<>"",'لیست '!AL80,"") | KS27: =IF(KR27<>"",SUM(KQ27:KR27),"") | KU27: =IF('لیست '!Q81<>"",'لیست '!Q81,"") | KV27: =IF('لیست '!AL81<>"",'لیست '!AL81,"") | KW27: =IF(KV27<>"",SUM(KU27:KV27),"") | KY27: =IF('لیست '!Q82<>"",'لیست '!Q82,"") | KZ27: =IF('لیست '!AL82<>"",'لیست '!AL82,"") | LA27: =IF(KZ27<>"",SUM(KY27:KZ27),"") | LC27: =IF('لیست '!Q83<>"",'لیست '!Q83,"") | LD27: =IF('لیست '!AL83<>"",'لیست '!AL83,"") | LE27: =IF(LD27<>"",SUM(LC27:LD27),"") | LG27: =IF('لیست '!Q84<>"",'لیست '!Q84,"") | LH27: =IF('لیست '!AL84<>"",'لیست '!AL84,"") | LI27: =IF(LH27<>"",SUM(LG27:LH27),"") | LK27: =IF('لیست '!Q85<>"",'لیست '!Q85,"") | LL27: =IF('لیست '!AL85<>"",'لیست '!AL85,"") | LM27: =IF(LL27<>"",SUM(LK27:LL27),"") | LO27: =IF('لیست '!Q86<>"",'لیست '!Q86,"") | LP27: =IF('لیست '!AL86<>"",'لیست '!AL86,"") | LQ27: =IF(LP27<>"",SUM(LO27:LP27),"") | LS27: =IF('لیست '!Q87<>"",'لیست '!Q87,"") | LT27: =IF('لیست '!AL87<>"",'لیست '!AL87,"") | LU27: =IF(LT27<>"",SUM(LS27:LT27),"") | LW27: =IF('لیست '!Q88<>"",'لیست '!Q88,"") | LX27: =IF('لیست '!AL88<>"",'لیست '!AL88,"") | LY27: =IF(LX27<>"",SUM(LW27:LX27),"") | MA27: =IF('لیست '!Q89<>"",'لیست '!Q89,"") | MB27: =IF('لیست '!AL89<>"",'لیست '!AL89,"") | MC27: =IF(MB27<>"",SUM(MA27:MB27),"") | ME27: =IF('لیست '!Q90<>"",'لیست '!Q90,"") | MF27: =IF('لیست '!AL90<>"",'لیست '!AL90,"") | MG27: =IF(MF27<>"",SUM(ME27:MF27),"") | MI27: =IF('لیست '!Q91<>"",'لیست '!Q91,"") | MJ27: =IF('لیست '!AL91<>"",'لیست '!AL91,"") | MK27: =IF(MJ27<>"",SUM(MI27:MJ27),"") | MM27: =IF('لیست '!Q92<>"",'لیست '!Q92,"") | MN27: =IF('لیست '!AL92<>"",'لیست '!AL92,"") | MO27: =IF(MN27<>"",SUM(MM27:MN27),"") | MQ27: =IF('لیست '!Q93<>"",'لیست '!Q93,"") | MR27: =IF('لیست '!AL93<>"",'لیست '!AL93,"") | MS27: =IF(MR27<>"",SUM(MQ27:MR27),"") | MU27: =IF('لیست '!Q94<>"",'لیست '!Q94,"") | MV27: =IF('لیست '!AL94<>"",'لیست '!AL94,"") | MW27: =IF(MV27<>"",SUM(MU27:MV27),"") | MY27: =IF('لیست '!Q95<>"",'لیست '!Q95,"") | MZ27: =IF('لیست '!AL95<>"",'لیست '!AL95,"") | NA27: =IF(MZ27<>"",SUM(MY27:MZ27),"") | NC27: =IF('لیست '!Q96<>"",'لیست '!Q96,"") | ND27: =IF('لیست '!AL96<>"",'لیست '!AL96,"") | NE27: =IF(ND27<>"",SUM(NC27:ND27),"") | NG27: =IF('لیست '!Q97<>"",'لیست '!Q97,"") | NH27: =IF('لیست '!AL97<>"",'لیست '!AL97,"") | NI27: =IF(NH27<>"",SUM(NG27:NH27),"") | NK27: =IF('لیست '!Q98<>"",'لیست '!Q98,"") | NL27: =IF('لیست '!AL98<>"",'لیست '!AL98,"") | NM27: =IF(NL27<>"",SUM(NK27:NL27),"") | NO27: =IF('لیست '!Q99<>"",'لیست '!Q99,"") | NP27: =IF('لیست '!AL99<>"",'لیست '!AL99,"") | NQ27: =IF(NP27<>"",SUM(NO27:NP27),"") | NS27: =IF('لیست '!Q100<>"",'لیست '!Q100,"") | NT27: =IF('لیست '!AL100<>"",'لیست '!AL100,"") | NU27: =IF(NT27<>"",SUM(NS27:NT27),"") | NW27: =IF('لیست '!Q101<>"",'لیست '!Q101,"") | NX27: =IF('لیست '!AL101<>"",'لیست '!AL101,"") | NY27: =IF(NX27<>"",SUM(NW27:NX27),"") | OA27: =IF('لیست '!Q102<>"",'لیست '!Q102,"") | OB27: =IF('لیست '!AL102<>"",'لیست '!AL102,"") | OC27: =IF(OB27<>"",SUM(OA27:OB27),"")
A28: ='لیست '!R3 -> ساینس | C28: =IF('لیست '!R5<>"",'لیست '!R5,"") | D28: =IF('لیست '!AM5<>"",'لیست '!AM5,"") | E28: =IF(D28<>"",SUM(C28:D28),"") | G28: =IF('لیست '!R6<>"",'لیست '!R6,"") | H28: =IF('لیست '!AM6<>"",'لیست '!AM6,"") | I28: =IF(H28<>"",SUM(G28:H28),"") | K28: =IF('لیست '!R7<>"",'لیست '!R7,"") | L28: =IF('لیست '!AM7<>"",'لیست '!AM7,"") | M28: =IF(L28<>"",SUM(K28:L28),"") | O28: =IF('لیست '!R8<>"",'لیست '!R8,"") | P28: =IF('لیست '!AM8<>"",'لیست '!AM8,"") | Q28: =IF(P28<>"",SUM(O28:P28),"") | S28: =IF('لیست '!R9<>"",'لیست '!R9,"") | T28: =IF('لیست '!AM9<>"",'لیست '!AM9,"") | U28: =IF(T28<>"",SUM(S28:T28),"") | W28: =IF('لیست '!R10<>"",'لیست '!R10,"") | X28: =IF('لیست '!AM10<>"",'لیست '!AM10,"") | Y28: =IF(X28<>"",SUM(W28:X28),"") | AA28: =IF('لیست '!R11<>"",'لیست '!R11,"") | AB28: =IF('لیست '!AM11<>"",'لیست '!AM11,"") | AC28: =IF(AB28<>"",SUM(AA28:AB28),"") | AE28: =IF('لیست '!R12<>"",'لیست '!R12,"") | AF28: =IF('لیست '!AM12<>"",'لیست '!AM12,"") | AG28: =IF(AF28<>"",SUM(AE28:AF28),"") | AI28: =IF('لیست '!R13<>"",'لیست '!R13,"") | AJ28: =IF('لیست '!AM13<>"",'لیست '!AM13,"") | AK28: =IF(AJ28<>"",SUM(AI28:AJ28),"") | AM28: =IF('لیست '!R14<>"",'لیست '!R14,"") | AN28: =IF('لیست '!AM14<>"",'لیست '!AM14,"") | AO28: =IF(AN28<>"",SUM(AM28:AN28),"") | AQ28: =IF('لیست '!R15<>"",'لیست '!R15,"") | AR28: =IF('لیست '!AM15<>"",'لیست '!AM15,"") | AS28: =IF(AR28<>"",SUM(AQ28:AR28),"") | AU28: =IF('لیست '!R16<>"",'لیست '!R16,"") | AV28: =IF('لیست '!AM16<>"",'لیست '!AM16,"") | AW28: =IF(AV28<>"",SUM(AU28:AV28),"") | AY28: =IF('لیست '!R17<>"",'لیست '!R17,"") | AZ28: =IF('لیست '!AM17<>"",'لیست '!AM17,"") | BA28: =IF(AZ28<>"",SUM(AY28:AZ28),"") | BC28: =IF('لیست '!R18<>"",'لیست '!R18,"") | BD28: =IF('لیست '!AM18<>"",'لیست '!AM18,"") | BE28: =IF(BD28<>"",SUM(BC28:BD28),"") | BG28: =IF('لیست '!R19<>"",'لیست '!R19,"") | BH28: =IF('لیست '!AM19<>"",'لیست '!AM19,"") | BI28: =IF(BH28<>"",SUM(BG28:BH28),"") | BK28: =IF('لیست '!R20<>"",'لیست '!R20,"") | BL28: =IF('لیست '!AM20<>"",'لیست '!AM20,"") | BM28: =IF(BL28<>"",SUM(BK28:BL28),"") | BO28: =IF('لیست '!R21<>"",'لیست '!R21,"") | BP28: =IF('لیست '!AM21<>"",'لیست '!AM21,"") | BQ28: =IF(BP28<>"",SUM(BO28:BP28),"") | BS28: =IF('لیست '!R22<>"",'لیست '!R22,"") | BT28: =IF('لیست '!AM22<>"",'لیست '!AM22,"") | BU28: =IF(BT28<>"",SUM(BS28:BT28),"") | BW28: =IF('لیست '!R23<>"",'لیست '!R23,"") | BX28: =IF('لیست '!AM23<>"",'لیست '!AM23,"") | BY28: =IF(BX28<>"",SUM(BW28:BX28),"") | CA28: =IF('لیست '!R24<>"",'لیست '!R24,"") | CB28: =IF('لیست '!AM24<>"",'لیست '!AM24,"") | CC28: =IF(CB28<>"",SUM(CA28:CB28),"") | CE28: =IF('لیست '!R25<>"",'لیست '!R25,"") | CF28: =IF('لیست '!AM25<>"",'لیست '!AM25,"") | CG28: =IF(CF28<>"",SUM(CE28:CF28),"") | CI28: =IF('لیست '!R26<>"",'لیست '!R26,"") | CJ28: =IF('لیست '!AM26<>"",'لیست '!AM26,"") | CK28: =IF(CJ28<>"",SUM(CI28:CJ28),"") | CM28: =IF('لیست '!R27<>"",'لیست '!R27,"") | CN28: =IF('لیست '!AM27<>"",'لیست '!AM27,"") | CO28: =IF(CN28<>"",SUM(CM28:CN28),"") | CQ28: =IF('لیست '!R28<>"",'لیست '!R28,"") | CR28: =IF('لیست '!AM28<>"",'لیست '!AM28,"") | CS28: =IF(CR28<>"",SUM(CQ28:CR28),"") | CU28: =IF('لیست '!R29<>"",'لیست '!R29,"") | CV28: =IF('لیست '!AM29<>"",'لیست '!AM29,"") | CW28: =IF(CV28<>"",SUM(CU28:CV28),"") | CY28: =IF('لیست '!R30<>"",'لیست '!R30,"") | CZ28: =IF('لیست '!AM30<>"",'لیست '!AM30,"") | DA28: =IF(CZ28<>"",SUM(CY28:CZ28),"") | DC28: =IF('لیست '!R31<>"",'لیست '!R31,"") | DD28: =IF('لیست '!AM31<>"",'لیست '!AM31,"") | DE28: =IF(DD28<>"",SUM(DC28:DD28),"") | DG28: =IF('لیست '!R32<>"",'لیست '!R32,"") | DH28: =IF('لیست '!AM32<>"",'لیست '!AM32,"") | DI28: =IF(DH28<>"",SUM(DG28:DH28),"") | DK28: =IF('لیست '!R33<>"",'لیست '!R33,"") | DL28: =IF('لیست '!AM33<>"",'لیست '!AM33,"") | DM28: =IF(DL28<>"",SUM(DK28:DL28),"") | DO28: =IF('لیست '!R34<>"",'لیست '!R34,"") | DP28: =IF('لیست '!AM34<>"",'لیست '!AM34,"") | DQ28: =IF(DP28<>"",SUM(DO28:DP28),"") | DS28: =IF('لیست '!R35<>"",'لیست '!R35,"") | DT28: =IF('لیست '!AM35<>"",'لیست '!AM35,"") | DU28: =IF(DT28<>"",SUM(DS28:DT28),"") | DW28: =IF('لیست '!R36<>"",'لیست '!R36,"") | DX28: =IF('لیست '!AM36<>"",'لیست '!AM36,"") | DY28: =IF(DX28<>"",SUM(DW28:DX28),"") | EA28: =IF('لیست '!R37<>"",'لیست '!R37,"") | EB28: =IF('لیست '!AM37<>"",'لیست '!AM37,"") | EC28: =IF(EB28<>"",SUM(EA28:EB28),"") | EE28: =IF('لیست '!R38<>"",'لیست '!R38,"") | EF28: =IF('لیست '!AM38<>"",'لیست '!AM38,"") | EG28: =IF(EF28<>"",SUM(EE28:EF28),"") | EI28: =IF('لیست '!R39<>"",'لیست '!R39,"") | EJ28: =IF('لیست '!AM39<>"",'لیست '!AM39,"") | EK28: =IF(EJ28<>"",SUM(EI28:EJ28),"") | EM28: =IF('لیست '!R40<>"",'لیست '!R40,"") | EN28: =IF('لیست '!AM40<>"",'لیست '!AM40,"") | EO28: =IF(EN28<>"",SUM(EM28:EN28),"") | EQ28: =IF('لیست '!R41<>"",'لیست '!R41,"") | ER28: =IF('لیست '!AM41<>"",'لیست '!AM41,"") | ES28: =IF(ER28<>"",SUM(EQ28:ER28),"") | EU28: =IF('لیست '!R42<>"",'لیست '!R42,"") | EV28: =IF('لیست '!AM42<>"",'لیست '!AM42,"") | EW28: =IF(EV28<>"",SUM(EU28:EV28),"") | EY28: =IF('لیست '!R43<>"",'لیست '!R43,"") | EZ28: =IF('لیست '!AM43<>"",'لیست '!AM43,"") | FA28: =IF(EZ28<>"",SUM(EY28:EZ28),"") | FC28: =IF('لیست '!R44<>"",'لیست '!R44,"") | FD28: =IF('لیست '!AM44<>"",'لیست '!AM44,"") | FE28: =IF(FD28<>"",SUM(FC28:FD28),"") | FG28: =IF('لیست '!R45<>"",'لیست '!R45,"") | FH28: =IF('لیست '!AM45<>"",'لیست '!AM45,"") | FI28: =IF(FH28<>"",SUM(FG28:FH28),"") | FK28: =IF('لیست '!R46<>"",'لیست '!R46,"") | FL28: =IF('لیست '!AM46<>"",'لیست '!AM46,"") | FM28: =IF(FL28<>"",SUM(FK28:FL28),"") | FO28: =IF('لیست '!R47<>"",'لیست '!R47,"") | FP28: =IF('لیست '!AM47<>"",'لیست '!AM47,"") | FQ28: =IF(FP28<>"",SUM(FO28:FP28),"") | FS28: =IF('لیست '!R48<>"",'لیست '!R48,"") | FT28: =IF('لیست '!AM48<>"",'لیست '!AM48,"") | FU28: =IF(FT28<>"",SUM(FS28:FT28),"") | FW28: =IF('لیست '!R49<>"",'لیست '!R49,"") | FX28: =IF('لیست '!AM49<>"",'لیست '!AM49,"") | FY28: =IF(FX28<>"",SUM(FW28:FX28),"") | GA28: =IF('لیست '!R50<>"",'لیست '!R50,"") | GB28: =IF('لیست '!AM50<>"",'لیست '!AM50,"") | GC28: =IF(GB28<>"",SUM(GA28:GB28),"") | GE28: =IF('لیست '!R51<>"",'لیست '!R51,"") | GF28: =IF('لیست '!AM51<>"",'لیست '!AM51,"") | GG28: =IF(GF28<>"",SUM(GE28:GF28),"") | GI28: =IF('لیست '!R52<>"",'لیست '!R52,"") | GJ28: =IF('لیست '!AM52<>"",'لیست '!AM52,"") | GK28: =IF(GJ28<>"",SUM(GI28:GJ28),"") | GM28: =IF('لیست '!R53<>"",'لیست '!R53,"") | GN28: =IF('لیست '!AM53<>"",'لیست '!AM53,"") | GO28: =IF(GN28<>"",SUM(GM28:GN28),"") | GQ28: =IF('لیست '!R54<>"",'لیست '!R54,"") | GR28: =IF('لیست '!AM54<>"",'لیست '!AM54,"") | GS28: =IF(GR28<>"",SUM(GQ28:GR28),"") | GU28: =IF('لیست '!R55<>"",'لیست '!R55,"") | GV28: =IF('لیست '!AM55<>"",'لیست '!AM55,"") | GW28: =IF(GV28<>"",SUM(GU28:GV28),"") | GY28: =IF('لیست '!R56<>"",'لیست '!R56,"") | GZ28: =IF('لیست '!AM56<>"",'لیست '!AM56,"") | HA28: =IF(GZ28<>"",SUM(GY28:GZ28),"") | HC28: =IF('لیست '!R57<>"",'لیست '!R57,"") | HD28: =IF('لیست '!AM57<>"",'لیست '!AM57,"") | HE28: =IF(HD28<>"",SUM(HC28:HD28),"") | HG28: =IF('لیست '!R58<>"",'لیست '!R58,"") | HH28: =IF('لیست '!AM58<>"",'لیست '!AM58,"") | HI28: =IF(HH28<>"",SUM(HG28:HH28),"") | HK28: =IF('لیست '!R59<>"",'لیست '!R59,"") | HL28: =IF('لیست '!AM59<>"",'لیست '!AM59,"") | HM28: =IF(HL28<>"",SUM(HK28:HL28),"") | HO28: =IF('لیست '!R60<>"",'لیست '!R60,"") | HP28: =IF('لیست '!AM60<>"",'لیست '!AM60,"") | HQ28: =IF(HP28<>"",SUM(HO28:HP28),"") | HS28: =IF('لیست '!R61<>"",'لیست '!R61,"") | HT28: =IF('لیست '!AM61<>"",'لیست '!AM61,"") | HU28: =IF(HT28<>"",SUM(HS28:HT28),"") | HW28: =IF('لیست '!R62<>"",'لیست '!R62,"") | HX28: =IF('لیست '!AM62<>"",'لیست '!AM62,"") | HY28: =IF(HX28<>"",SUM(HW28:HX28),"") | IA28: =IF('لیست '!R63<>"",'لیست '!R63,"") | IB28: =IF('لیست '!AM63<>"",'لیست '!AM63,"") | IC28: =IF(IB28<>"",SUM(IA28:IB28),"") | IE28: =IF('لیست '!R64<>"",'لیست '!R64,"") | IF28: =IF('لیست '!AM64<>"",'لیست '!AM64,"") | IG28: =IF(IF28<>"",SUM(IE28:IF28),"") | II28: =IF('لیست '!R65<>"",'لیست '!R65,"") | IJ28: =IF('لیست '!AM65<>"",'لیست '!AM65,"") | IK28: =IF(IJ28<>"",SUM(II28:IJ28),"") | IM28: =IF('لیست '!R66<>"",'لیست '!R66,"") | IN28: =IF('لیست '!AM66<>"",'لیست '!AM66,"") | IO28: =IF(IN28<>"",SUM(IM28:IN28),"") | IQ28: =IF('لیست '!R67<>"",'لیست '!R67,"") | IR28: =IF('لیست '!AM67<>"",'لیست '!AM67,"") | IS28: =IF(IR28<>"",SUM(IQ28:IR28),"") | IU28: =IF('لیست '!R68<>"",'لیست '!R68,"") | IV28: =IF('لیست '!AM68<>"",'لیست '!AM68,"") | IW28: =IF(IV28<>"",SUM(IU28:IV28),"") | IY28: =IF('لیست '!R69<>"",'لیست '!R69,"") | IZ28: =IF('لیست '!AM69<>"",'لیست '!AM69,"") | JA28: =IF(IZ28<>"",SUM(IY28:IZ28),"") | JC28: =IF('لیست '!R70<>"",'لیست '!R70,"") | JD28: =IF('لیست '!AM70<>"",'لیست '!AM70,"") | JE28: =IF(JD28<>"",SUM(JC28:JD28),"") | JG28: =IF('لیست '!R71<>"",'لیست '!R71,"") | JH28: =IF('لیست '!AM71<>"",'لیست '!AM71,"") | JI28: =IF(JH28<>"",SUM(JG28:JH28),"") | JK28: =IF('لیست '!R72<>"",'لیست '!R72,"") | JL28: =IF('لیست '!AM72<>"",'لیست '!AM72,"") | JM28: =IF(JL28<>"",SUM(JK28:JL28),"") | JO28: =IF('لیست '!R73<>"",'لیست '!R73,"") | JP28: =IF('لیست '!AM73<>"",'لیست '!AM73,"") | JQ28: =IF(JP28<>"",SUM(JO28:JP28),"") | JS28: =IF('لیست '!R74<>"",'لیست '!R74,"") | JT28: =IF('لیست '!AM74<>"",'لیست '!AM74,"") | JU28: =IF(JT28<>"",SUM(JS28:JT28),"") | JW28: =IF('لیست '!R75<>"",'لیست '!R75,"") | JX28: =IF('لیست '!AM75<>"",'لیست '!AM75,"") | JY28: =IF(JX28<>"",SUM(JW28:JX28),"") | KA28: =IF('لیست '!R76<>"",'لیست '!R76,"") | KB28: =IF('لیست '!AM76<>"",'لیست '!AM76,"") | KC28: =IF(KB28<>"",SUM(KA28:KB28),"") | KE28: =IF('لیست '!R77<>"",'لیست '!R77,"") | KF28: =IF('لیست '!AM77<>"",'لیست '!AM77,"") | KG28: =IF(KF28<>"",SUM(KE28:KF28),"") | KI28: =IF('لیست '!R78<>"",'لیست '!R78,"") | KJ28: =IF('لیست '!AM78<>"",'لیست '!AM78,"") | KK28: =IF(KJ28<>"",SUM(KI28:KJ28),"") | KM28: =IF('لیست '!R79<>"",'لیست '!R79,"") | KN28: =IF('لیست '!AM79<>"",'لیست '!AM79,"") | KO28: =IF(KN28<>"",SUM(KM28:KN28),"") | KQ28: =IF('لیست '!R80<>"",'لیست '!R80,"") | KR28: =IF('لیست '!AM80<>"",'لیست '!AM80,"") | KS28: =IF(KR28<>"",SUM(KQ28:KR28),"") | KU28: =IF('لیست '!R81<>"",'لیست '!R81,"") | KV28: =IF('لیست '!AM81<>"",'لیست '!AM81,"") | KW28: =IF(KV28<>"",SUM(KU28:KV28),"") | KY28: =IF('لیست '!R82<>"",'لیست '!R82,"") | KZ28: =IF('لیست '!AM82<>"",'لیست '!AM82,"") | LA28: =IF(KZ28<>"",SUM(KY28:KZ28),"") | LC28: =IF('لیست '!R83<>"",'لیست '!R83,"") | LD28: =IF('لیست '!AM83<>"",'لیست '!AM83,"") | LE28: =IF(LD28<>"",SUM(LC28:LD28),"") | LG28: =IF('لیست '!R84<>"",'لیست '!R84,"") | LH28: =IF('لیست '!AM84<>"",'لیست '!AM84,"") | LI28: =IF(LH28<>"",SUM(LG28:LH28),"") | LK28: =IF('لیست '!R85<>"",'لیست '!R85,"") | LL28: =IF('لیست '!AM85<>"",'لیست '!AM85,"") | LM28: =IF(LL28<>"",SUM(LK28:LL28),"") | LO28: =IF('لیست '!R86<>"",'لیست '!R86,"") | LP28: =IF('لیست '!AM86<>"",'لیست '!AM86,"") | LQ28: =IF(LP28<>"",SUM(LO28:LP28),"") | LS28: =IF('لیست '!R87<>"",'لیست '!R87,"") | LT28: =IF('لیست '!AM87<>"",'لیست '!AM87,"") | LU28: =IF(LT28<>"",SUM(LS28:LT28),"") | LW28: =IF('لیست '!R88<>"",'لیست '!R88,"") | LX28: =IF('لیست '!AM88<>"",'لیست '!AM88,"") | LY28: =IF(LX28<>"",SUM(LW28:LX28),"") | MA28: =IF('لیست '!R89<>"",'لیست '!R89,"") | MB28: =IF('لیست '!AM89<>"",'لیست '!AM89,"") | MC28: =IF(MB28<>"",SUM(MA28:MB28),"") | ME28: =IF('لیست '!R90<>"",'لیست '!R90,"") | MF28: =IF('لیست '!AM90<>"",'لیست '!AM90,"") | MG28: =IF(MF28<>"",SUM(ME28:MF28),"") | MI28: =IF('لیست '!R91<>"",'لیست '!R91,"") | MJ28: =IF('لیست '!AM91<>"",'لیست '!AM91,"") | MK28: =IF(MJ28<>"",SUM(MI28:MJ28),"") | MM28: =IF('لیست '!R92<>"",'لیست '!R92,"") | MN28: =IF('لیست '!AM92<>"",'لیست '!AM92,"") | MO28: =IF(MN28<>"",SUM(MM28:MN28),"") | MQ28: =IF('لیست '!R93<>"",'لیست '!R93,"") | MR28: =IF('لیست '!AM93<>"",'لیست '!AM93,"") | MS28: =IF(MR28<>"",SUM(MQ28:MR28),"") | MU28: =IF('لیست '!R94<>"",'لیست '!R94,"") | MV28: =IF('لیست '!AM94<>"",'لیست '!AM94,"") | MW28: =IF(MV28<>"",SUM(MU28:MV28),"") | MY28: =IF('لیست '!R95<>"",'لیست '!R95,"") | MZ28: =IF('لیست '!AM95<>"",'لیست '!AM95,"") | NA28: =IF(MZ28<>"",SUM(MY28:MZ28),"") | NC28: =IF('لیست '!R96<>"",'لیست '!R96,"") | ND28: =IF('لیست '!AM96<>"",'لیست '!AM96,"") | NE28: =IF(ND28<>"",SUM(NC28:ND28),"") | NG28: =IF('لیست '!R97<>"",'لیست '!R97,"") | NH28: =IF('لیست '!AM97<>"",'لیست '!AM97,"") | NI28: =IF(NH28<>"",SUM(NG28:NH28),"") | NK28: =IF('لیست '!R98<>"",'لیست '!R98,"") | NL28: =IF('لیست '!AM98<>"",'لیست '!AM98,"") | NM28: =IF(NL28<>"",SUM(NK28:NL28),"") | NO28: =IF('لیست '!R99<>"",'لیست '!R99,"") | NP28: =IF('لیست '!AM99<>"",'لیست '!AM99,"") | NQ28: =IF(NP28<>"",SUM(NO28:NP28),"") | NS28: =IF('لیست '!R100<>"",'لیست '!R100,"") | NT28: =IF('لیست '!AM100<>"",'لیست '!AM100,"") | NU28: =IF(NT28<>"",SUM(NS28:NT28),"") | NW28: =IF('لیست '!R101<>"",'لیست '!R101,"") | NX28: =IF('لیست '!AM101<>"",'لیست '!AM101,"") | NY28: =IF(NX28<>"",SUM(NW28:NX28),"") | OA28: =IF('لیست '!R102<>"",'لیست '!R102,"") | OB28: =IF('لیست '!AM102<>"",'لیست '!AM102,"") | OC28: =IF(OB28<>"",SUM(OA28:OB28),"")
A29: ='لیست '!S3 -> اجتماعیات | C29: =IF('لیست '!S5<>"",'لیست '!S5,"") | D29: =IF('لیست '!AN5<>"",'لیست '!AN5,"") | E29: =IF(D29<>"",SUM(C29:D29),"") | G29: =IF('لیست '!S6<>"",'لیست '!S6,"") | H29: =IF('لیست '!AN6<>"",'لیست '!AN6,"") | I29: =IF(H29<>"",SUM(G29:H29),"") | K29: =IF('لیست '!S7<>"",'لیست '!S7,"") | L29: =IF('لیست '!AN7<>"",'لیست '!AN7,"") | M29: =IF(L29<>"",SUM(K29:L29),"") | O29: =IF('لیست '!S8<>"",'لیست '!S8,"") | P29: =IF('لیست '!AN8<>"",'لیست '!AN8,"") | Q29: =IF(P29<>"",SUM(O29:P29),"") | S29: =IF('لیست '!S9<>"",'لیست '!S9,"") | T29: =IF('لیست '!AN9<>"",'لیست '!AN9,"") | U29: =IF(T29<>"",SUM(S29:T29),"") | W29: =IF('لیست '!S10<>"",'لیست '!S10,"") | X29: =IF('لیست '!AN10<>"",'لیست '!AN10,"") | Y29: =IF(X29<>"",SUM(W29:X29),"") | AA29: =IF('لیست '!S11<>"",'لیست '!S11,"") | AB29: =IF('لیست '!AN11<>"",'لیست '!AN11,"") | AC29: =IF(AB29<>"",SUM(AA29:AB29),"") | AE29: =IF('لیست '!S12<>"",'لیست '!S12,"") | AF29: =IF('لیست '!AN12<>"",'لیست '!AN12,"") | AG29: =IF(AF29<>"",SUM(AE29:AF29),"") | AI29: =IF('لیست '!S13<>"",'لیست '!S13,"") | AJ29: =IF('لیست '!AN13<>"",'لیست '!AN13,"") | AK29: =IF(AJ29<>"",SUM(AI29:AJ29),"") | AM29: =IF('لیست '!S14<>"",'لیست '!S14,"") | AN29: =IF('لیست '!AN14<>"",'لیست '!AN14,"") | AO29: =IF(AN29<>"",SUM(AM29:AN29),"") | AQ29: =IF('لیست '!S15<>"",'لیست '!S15,"") | AR29: =IF('لیست '!AN15<>"",'لیست '!AN15,"") | AS29: =IF(AR29<>"",SUM(AQ29:AR29),"") | AU29: =IF('لیست '!S16<>"",'لیست '!S16,"") | AV29: =IF('لیست '!AN16<>"",'لیست '!AN16,"") | AW29: =IF(AV29<>"",SUM(AU29:AV29),"") | AY29: =IF('لیست '!S17<>"",'لیست '!S17,"") | AZ29: =IF('لیست '!AN17<>"",'لیست '!AN17,"") | BA29: =IF(AZ29<>"",SUM(AY29:AZ29),"") | BC29: =IF('لیست '!S18<>"",'لیست '!S18,"") | BD29: =IF('لیست '!AN18<>"",'لیست '!AN18,"") | BE29: =IF(BD29<>"",SUM(BC29:BD29),"") | BG29: =IF('لیست '!S19<>"",'لیست '!S19,"") | BH29: =IF('لیست '!AN19<>"",'لیست '!AN19,"") | BI29: =IF(BH29<>"",SUM(BG29:BH29),"") | BK29: =IF('لیست '!S20<>"",'لیست '!S20,"") | BL29: =IF('لیست '!AN20<>"",'لیست '!AN20,"") | BM29: =IF(BL29<>"",SUM(BK29:BL29),"") | BO29: =IF('لیست '!S21<>"",'لیست '!S21,"") | BP29: =IF('لیست '!AN21<>"",'لیست '!AN21,"") | BQ29: =IF(BP29<>"",SUM(BO29:BP29),"") | BS29: =IF('لیست '!S22<>"",'لیست '!S22,"") | BT29: =IF('لیست '!AN22<>"",'لیست '!AN22,"") | BU29: =IF(BT29<>"",SUM(BS29:BT29),"") | BW29: =IF('لیست '!S23<>"",'لیست '!S23,"") | BX29: =IF('لیست '!AN23<>"",'لیست '!AN23,"") | BY29: =IF(BX29<>"",SUM(BW29:BX29),"") | CA29: =IF('لیست '!S24<>"",'لیست '!S24,"") | CB29: =IF('لیست '!AN24<>"",'لیست '!AN24,"") | CC29: =IF(CB29<>"",SUM(CA29:CB29),"") | CE29: =IF('لیست '!S25<>"",'لیست '!S25,"") | CF29: =IF('لیست '!AN25<>"",'لیست '!AN25,"") | CG29: =IF(CF29<>"",SUM(CE29:CF29),"") | CI29: =IF('لیست '!S26<>"",'لیست '!S26,"") | CJ29: =IF('لیست '!AN26<>"",'لیست '!AN26,"") | CK29: =IF(CJ29<>"",SUM(CI29:CJ29),"") | CM29: =IF('لیست '!S27<>"",'لیست '!S27,"") | CN29: =IF('لیست '!AN27<>"",'لیست '!AN27,"") | CO29: =IF(CN29<>"",SUM(CM29:CN29),"") | CQ29: =IF('لیست '!S28<>"",'لیست '!S28,"") | CR29: =IF('لیست '!AN28<>"",'لیست '!AN28,"") | CS29: =IF(CR29<>"",SUM(CQ29:CR29),"") | CU29: =IF('لیست '!S29<>"",'لیست '!S29,"") | CV29: =IF('لیست '!AN29<>"",'لیست '!AN29,"") | CW29: =IF(CV29<>"",SUM(CU29:CV29),"") | CY29: =IF('لیست '!S30<>"",'لیست '!S30,"") | CZ29: =IF('لیست '!AN30<>"",'لیست '!AN30,"") | DA29: =IF(CZ29<>"",SUM(CY29:CZ29),"") | DC29: =IF('لیست '!S31<>"",'لیست '!S31,"") | DD29: =IF('لیست '!AN31<>"",'لیست '!AN31,"") | DE29: =IF(DD29<>"",SUM(DC29:DD29),"") | DG29: =IF('لیست '!S32<>"",'لیست '!S32,"") | DH29: =IF('لیست '!AN32<>"",'لیست '!AN32,"") | DI29: =IF(DH29<>"",SUM(DG29:DH29),"") | DK29: =IF('لیست '!S33<>"",'لیست '!S33,"") | DL29: =IF('لیست '!AN33<>"",'لیست '!AN33,"") | DM29: =IF(DL29<>"",SUM(DK29:DL29),"") | DO29: =IF('لیست '!S34<>"",'لیست '!S34,"") | DP29: =IF('لیست '!AN34<>"",'لیست '!AN34,"") | DQ29: =IF(DP29<>"",SUM(DO29:DP29),"") | DS29: =IF('لیست '!S35<>"",'لیست '!S35,"") | DT29: =IF('لیست '!AN35<>"",'لیست '!AN35,"") | DU29: =IF(DT29<>"",SUM(DS29:DT29),"") | DW29: =IF('لیست '!S36<>"",'لیست '!S36,"") | DX29: =IF('لیست '!AN36<>"",'لیست '!AN36,"") | DY29: =IF(DX29<>"",SUM(DW29:DX29),"") | EA29: =IF('لیست '!S37<>"",'لیست '!S37,"") | EB29: =IF('لیست '!AN37<>"",'لیست '!AN37,"") | EC29: =IF(EB29<>"",SUM(EA29:EB29),"") | EE29: =IF('لیست '!S38<>"",'لیست '!S38,"") | EF29: =IF('لیست '!AN38<>"",'لیست '!AN38,"") | EG29: =IF(EF29<>"",SUM(EE29:EF29),"") | EI29: =IF('لیست '!S39<>"",'لیست '!S39,"") | EJ29: =IF('لیست '!AN39<>"",'لیست '!AN39,"") | EK29: =IF(EJ29<>"",SUM(EI29:EJ29),"") | EM29: =IF('لیست '!S40<>"",'لیست '!S40,"") | EN29: =IF('لیست '!AN40<>"",'لیست '!AN40,"") | EO29: =IF(EN29<>"",SUM(EM29:EN29),"") | EQ29: =IF('لیست '!S41<>"",'لیست '!S41,"") | ER29: =IF('لیست '!AN41<>"",'لیست '!AN41,"") | ES29: =IF(ER29<>"",SUM(EQ29:ER29),"") | EU29: =IF('لیست '!S42<>"",'لیست '!S42,"") | EV29: =IF('لیست '!AN42<>"",'لیست '!AN42,"") | EW29: =IF(EV29<>"",SUM(EU29:EV29),"") | EY29: =IF('لیست '!S43<>"",'لیست '!S43,"") | EZ29: =IF('لیست '!AN43<>"",'لیست '!AN43,"") | FA29: =IF(EZ29<>"",SUM(EY29:EZ29),"") | FC29: =IF('لیست '!S44<>"",'لیست '!S44,"") | FD29: =IF('لیست '!AN44<>"",'لیست '!AN44,"") | FE29: =IF(FD29<>"",SUM(FC29:FD29),"") | FG29: =IF('لیست '!S45<>"",'لیست '!S45,"") | FH29: =IF('لیست '!AN45<>"",'لیست '!AN45,"") | FI29: =IF(FH29<>"",SUM(FG29:FH29),"") | FK29: =IF('لیست '!S46<>"",'لیست '!S46,"") | FL29: =IF('لیست '!AN46<>"",'لیست '!AN46,"") | FM29: =IF(FL29<>"",SUM(FK29:FL29),"") | FO29: =IF('لیست '!S47<>"",'لیست '!S47,"") | FP29: =IF('لیست '!AN47<>"",'لیست '!AN47,"") | FQ29: =IF(FP29<>"",SUM(FO29:FP29),"") | FS29: =IF('لیست '!S48<>"",'لیست '!S48,"") | FT29: =IF('لیست '!AN48<>"",'لیست '!AN48,"") | FU29: =IF(FT29<>"",SUM(FS29:FT29),"") | FW29: =IF('لیست '!S49<>"",'لیست '!S49,"") | FX29: =IF('لیست '!AN49<>"",'لیست '!AN49,"") | FY29: =IF(FX29<>"",SUM(FW29:FX29),"") | GA29: =IF('لیست '!S50<>"",'لیست '!S50,"") | GB29: =IF('لیست '!AN50<>"",'لیست '!AN50,"") | GC29: =IF(GB29<>"",SUM(GA29:GB29),"") | GE29: =IF('لیست '!S51<>"",'لیست '!S51,"") | GF29: =IF('لیست '!AN51<>"",'لیست '!AN51,"") | GG29: =IF(GF29<>"",SUM(GE29:GF29),"") | GI29: =IF('لیست '!S52<>"",'لیست '!S52,"") | GJ29: =IF('لیست '!AN52<>"",'لیست '!AN52,"") | GK29: =IF(GJ29<>"",SUM(GI29:GJ29),"") | GM29: =IF('لیست '!S53<>"",'لیست '!S53,"") | GN29: =IF('لیست '!AN53<>"",'لیست '!AN53,"") | GO29: =IF(GN29<>"",SUM(GM29:GN29),"") | GQ29: =IF('لیست '!S54<>"",'لیست '!S54,"") | GR29: =IF('لیست '!AN54<>"",'لیست '!AN54,"") | GS29: =IF(GR29<>"",SUM(GQ29:GR29),"") | GU29: =IF('لیست '!S55<>"",'لیست '!S55,"") | GV29: =IF('لیست '!AN55<>"",'لیست '!AN55,"") | GW29: =IF(GV29<>"",SUM(GU29:GV29),"") | GY29: =IF('لیست '!S56<>"",'لیست '!S56,"") | GZ29: =IF('لیست '!AN56<>"",'لیست '!AN56,"") | HA29: =IF(GZ29<>"",SUM(GY29:GZ29),"") | HC29: =IF('لیست '!S57<>"",'لیست '!S57,"") | HD29: =IF('لیست '!AN57<>"",'لیست '!AN57,"") | HE29: =IF(HD29<>"",SUM(HC29:HD29),"") | HG29: =IF('لیست '!S58<>"",'لیست '!S58,"") | HH29: =IF('لیست '!AN58<>"",'لیست '!AN58,"") | HI29: =IF(HH29<>"",SUM(HG29:HH29),"") | HK29: =IF('لیست '!S59<>"",'لیست '!S59,"") | HL29: =IF('لیست '!AN59<>"",'لیست '!AN59,"") | HM29: =IF(HL29<>"",SUM(HK29:HL29),"") | HO29: =IF('لیست '!S60<>"",'لیست '!S60,"") | HP29: =IF('لیست '!AN60<>"",'لیست '!AN60,"") | HQ29: =IF(HP29<>"",SUM(HO29:HP29),"") | HS29: =IF('لیست '!S61<>"",'لیست '!S61,"") | HT29: =IF('لیست '!AN61<>"",'لیست '!AN61,"") | HU29: =IF(HT29<>"",SUM(HS29:HT29),"") | HW29: =IF('لیست '!S62<>"",'لیست '!S62,"") | HX29: =IF('لیست '!AN62<>"",'لیست '!AN62,"") | HY29: =IF(HX29<>"",SUM(HW29:HX29),"") | IA29: =IF('لیست '!S63<>"",'لیست '!S63,"") | IB29: =IF('لیست '!AN63<>"",'لیست '!AN63,"") | IC29: =IF(IB29<>"",SUM(IA29:IB29),"") | IE29: =IF('لیست '!S64<>"",'لیست '!S64,"") | IF29: =IF('لیست '!AN64<>"",'لیست '!AN64,"") | IG29: =IF(IF29<>"",SUM(IE29:IF29),"") | II29: =IF('لیست '!S65<>"",'لیست '!S65,"") | IJ29: =IF('لیست '!AN65<>"",'لیست '!AN65,"") | IK29: =IF(IJ29<>"",SUM(II29:IJ29),"") | IM29: =IF('لیست '!S66<>"",'لیست '!S66,"") | IN29: =IF('لیست '!AN66<>"",'لیست '!AN66,"") | IO29: =IF(IN29<>"",SUM(IM29:IN29),"") | IQ29: =IF('لیست '!S67<>"",'لیست '!S67,"") | IR29: =IF('لیست '!AN67<>"",'لیست '!AN67,"") | IS29: =IF(IR29<>"",SUM(IQ29:IR29),"") | IU29: =IF('لیست '!S68<>"",'لیست '!S68,"") | IV29: =IF('لیست '!AN68<>"",'لیست '!AN68,"") | IW29: =IF(IV29<>"",SUM(IU29:IV29),"") | IY29: =IF('لیست '!S69<>"",'لیست '!S69,"") | IZ29: =IF('لیست '!AN69<>"",'لیست '!AN69,"") | JA29: =IF(IZ29<>"",SUM(IY29:IZ29),"") | JC29: =IF('لیست '!S70<>"",'لیست '!S70,"") | JD29: =IF('لیست '!AN70<>"",'لیست '!AN70,"") | JE29: =IF(JD29<>"",SUM(JC29:JD29),"") | JG29: =IF('لیست '!S71<>"",'لیست '!S71,"") | JH29: =IF('لیست '!AN71<>"",'لیست '!AN71,"") | JI29: =IF(JH29<>"",SUM(JG29:JH29),"") | JK29: =IF('لیست '!S72<>"",'لیست '!S72,"") | JL29: =IF('لیست '!AN72<>"",'لیست '!AN72,"") | JM29: =IF(JL29<>"",SUM(JK29:JL29),"") | JO29: =IF('لیست '!S73<>"",'لیست '!S73,"") | JP29: =IF('لیست '!AN73<>"",'لیست '!AN73,"") | JQ29: =IF(JP29<>"",SUM(JO29:JP29),"") | JS29: =IF('لیست '!S74<>"",'لیست '!S74,"") | JT29: =IF('لیست '!AN74<>"",'لیست '!AN74,"") | JU29: =IF(JT29<>"",SUM(JS29:JT29),"") | JW29: =IF('لیست '!S75<>"",'لیست '!S75,"") | JX29: =IF('لیست '!AN75<>"",'لیست '!AN75,"") | JY29: =IF(JX29<>"",SUM(JW29:JX29),"") | KA29: =IF('لیست '!S76<>"",'لیست '!S76,"") | KB29: =IF('لیست '!AN76<>"",'لیست '!AN76,"") | KC29: =IF(KB29<>"",SUM(KA29:KB29),"") | KE29: =IF('لیست '!S77<>"",'لیست '!S77,"") | KF29: =IF('لیست '!AN77<>"",'لیست '!AN77,"") | KG29: =IF(KF29<>"",SUM(KE29:KF29),"") | KI29: =IF('لیست '!S78<>"",'لیست '!S78,"") | KJ29: =IF('لیست '!AN78<>"",'لیست '!AN78,"") | KK29: =IF(KJ29<>"",SUM(KI29:KJ29),"") | KM29: =IF('لیست '!S79<>"",'لیست '!S79,"") | KN29: =IF('لیست '!AN79<>"",'لیست '!AN79,"") | KO29: =IF(KN29<>"",SUM(KM29:KN29),"") | KQ29: =IF('لیست '!S80<>"",'لیست '!S80,"") | KR29: =IF('لیست '!AN80<>"",'لیست '!AN80,"") | KS29: =IF(KR29<>"",SUM(KQ29:KR29),"") | KU29: =IF('لیست '!S81<>"",'لیست '!S81,"") | KV29: =IF('لیست '!AN81<>"",'لیست '!AN81,"") | KW29: =IF(KV29<>"",SUM(KU29:KV29),"") | KY29: =IF('لیست '!S82<>"",'لیست '!S82,"") | KZ29: =IF('لیست '!AN82<>"",'لیست '!AN82,"") | LA29: =IF(KZ29<>"",SUM(KY29:KZ29),"") | LC29: =IF('لیست '!S83<>"",'لیست '!S83,"") | LD29: =IF('لیست '!AN83<>"",'لیست '!AN83,"") | LE29: =IF(LD29<>"",SUM(LC29:LD29),"") | LG29: =IF('لیست '!S84<>"",'لیست '!S84,"") | LH29: =IF('لیست '!AN84<>"",'لیست '!AN84,"") | LI29: =IF(LH29<>"",SUM(LG29:LH29),"") | LK29: =IF('لیست '!S85<>"",'لیست '!S85,"") | LL29: =IF('لیست '!AN85<>"",'لیست '!AN85,"") | LM29: =IF(LL29<>"",SUM(LK29:LL29),"") | LO29: =IF('لیست '!S86<>"",'لیست '!S86,"") | LP29: =IF('لیست '!AN86<>"",'لیست '!AN86,"") | LQ29: =IF(LP29<>"",SUM(LO29:LP29),"") | LS29: =IF('لیست '!S87<>"",'لیست '!S87,"") | LT29: =IF('لیست '!AN87<>"",'لیست '!AN87,"") | LU29: =IF(LT29<>"",SUM(LS29:LT29),"") | LW29: =IF('لیست '!S88<>"",'لیست '!S88,"") | LX29: =IF('لیست '!AN88<>"",'لیست '!AN88,"") | LY29: =IF(LX29<>"",SUM(LW29:LX29),"") | MA29: =IF('لیست '!S89<>"",'لیست '!S89,"") | MB29: =IF('لیست '!AN89<>"",'لیست '!AN89,"") | MC29: =IF(MB29<>"",SUM(MA29:MB29),"") | ME29: =IF('لیست '!S90<>"",'لیست '!S90,"") | MF29: =IF('لیست '!AN90<>"",'لیست '!AN90,"") | MG29: =IF(MF29<>"",SUM(ME29:MF29),"") | MI29: =IF('لیست '!S91<>"",'لیست '!S91,"") | MJ29: =IF('لیست '!AN91<>"",'لیست '!AN91,"") | MK29: =IF(MJ29<>"",SUM(MI29:MJ29),"") | MM29: =IF('لیست '!S92<>"",'لیست '!S92,"") | MN29: =IF('لیست '!AN92<>"",'لیست '!AN92,"") | MO29: =IF(MN29<>"",SUM(MM29:MN29),"") | MQ29: =IF('لیست '!S93<>"",'لیست '!S93,"") | MR29: =IF('لیست '!AN93<>"",'لیست '!AN93,"") | MS29: =IF(MR29<>"",SUM(MQ29:MR29),"") | MU29: =IF('لیست '!S94<>"",'لیست '!S94,"") | MV29: =IF('لیست '!AN94<>"",'لیست '!AN94,"") | MW29: =IF(MV29<>"",SUM(MU29:MV29),"") | MY29: =IF('لیست '!S95<>"",'لیست '!S95,"") | MZ29: =IF('لیست '!AN95<>"",'لیست '!AN95,"") | NA29: =IF(MZ29<>"",SUM(MY29:MZ29),"") | NC29: =IF('لیست '!S96<>"",'لیست '!S96,"") | ND29: =IF('لیست '!AN96<>"",'لیست '!AN96,"") | NE29: =IF(ND29<>"",SUM(NC29:ND29),"") | NG29: =IF('لیست '!S97<>"",'لیست '!S97,"") | NH29: =IF('لیست '!AN97<>"",'لیست '!AN97,"") | NI29: =IF(NH29<>"",SUM(NG29:NH29),"") | NK29: =IF('لیست '!S98<>"",'لیست '!S98,"") | NL29: =IF('لیست '!AN98<>"",'لیست '!AN98,"") | NM29: =IF(NL29<>"",SUM(NK29:NL29),"") | NO29: =IF('لیست '!S99<>"",'لیست '!S99,"") | NP29: =IF('لیست '!AN99<>"",'لیست '!AN99,"") | NQ29: =IF(NP29<>"",SUM(NO29:NP29),"") | NS29: =IF('لیست '!S100<>"",'لیست '!S100,"") | NT29: =IF('لیست '!AN100<>"",'لیست '!AN100,"") | NU29: =IF(NT29<>"",SUM(NS29:NT29),"") | NW29: =IF('لیست '!S101<>"",'لیست '!S101,"") | NX29: =IF('لیست '!AN101<>"",'لیست '!AN101,"") | NY29: =IF(NX29<>"",SUM(NW29:NX29),"") | OA29: =IF('لیست '!S102<>"",'لیست '!S102,"") | OB29: =IF('لیست '!AN102<>"",'لیست '!AN102,"") | OC29: =IF(OB29<>"",SUM(OA29:OB29),"")
A30: ='لیست '!T3 -> خط/ رسم | C30: =IF('لیست '!T5<>"",'لیست '!T5,"") | D30: =IF('لیست '!AO5<>"",'لیست '!AO5,"") | E30: =IF(D30<>"",SUM(C30:D30),"") | G30: =IF('لیست '!T6<>"",'لیست '!T6,"") | H30: =IF('لیست '!AO6<>"",'لیست '!AO6,"") | I30: =IF(H30<>"",SUM(G30:H30),"") | K30: =IF('لیست '!T7<>"",'لیست '!T7,"") | L30: =IF('لیست '!AO7<>"",'لیست '!AO7,"") | M30: =IF(L30<>"",SUM(K30:L30),"") | O30: =IF('لیست '!T8<>"",'لیست '!T8,"") | P30: =IF('لیست '!AO8<>"",'لیست '!AO8,"") | Q30: =IF(P30<>"",SUM(O30:P30),"") | S30: =IF('لیست '!T9<>"",'لیست '!T9,"") | T30: =IF('لیست '!AO9<>"",'لیست '!AO9,"") | U30: =IF(T30<>"",SUM(S30:T30),"") | W30: =IF('لیست '!T10<>"",'لیست '!T10,"") | X30: =IF('لیست '!AO10<>"",'لیست '!AO10,"") | Y30: =IF(X30<>"",SUM(W30:X30),"") | AA30: =IF('لیست '!T11<>"",'لیست '!T11,"") | AB30: =IF('لیست '!AO11<>"",'لیست '!AO11,"") | AC30: =IF(AB30<>"",SUM(AA30:AB30),"") | AE30: =IF('لیست '!T12<>"",'لیست '!T12,"") | AF30: =IF('لیست '!AO12<>"",'لیست '!AO12,"") | AG30: =IF(AF30<>"",SUM(AE30:AF30),"") | AI30: =IF('لیست '!T13<>"",'لیست '!T13,"") | AJ30: =IF('لیست '!AO13<>"",'لیست '!AO13,"") | AK30: =IF(AJ30<>"",SUM(AI30:AJ30),"") | AM30: =IF('لیست '!T14<>"",'لیست '!T14,"") | AN30: =IF('لیست '!AO14<>"",'لیست '!AO14,"") | AO30: =IF(AN30<>"",SUM(AM30:AN30),"") | AQ30: =IF('لیست '!T15<>"",'لیست '!T15,"") | AR30: =IF('لیست '!AO15<>"",'لیست '!AO15,"") | AS30: =IF(AR30<>"",SUM(AQ30:AR30),"") | AU30: =IF('لیست '!T16<>"",'لیست '!T16,"") | AV30: =IF('لیست '!AO16<>"",'لیست '!AO16,"") | AW30: =IF(AV30<>"",SUM(AU30:AV30),"") | AY30: =IF('لیست '!T17<>"",'لیست '!T17,"") | AZ30: =IF('لیست '!AO17<>"",'لیست '!AO17,"") | BA30: =IF(AZ30<>"",SUM(AY30:AZ30),"") | BC30: =IF('لیست '!T18<>"",'لیست '!T18,"") | BD30: =IF('لیست '!AO18<>"",'لیست '!AO18,"") | BE30: =IF(BD30<>"",SUM(BC30:BD30),"") | BG30: =IF('لیست '!T19<>"",'لیست '!T19,"") | BH30: =IF('لیست '!AO19<>"",'لیست '!AO19,"") | BI30: =IF(BH30<>"",SUM(BG30:BH30),"") | BK30: =IF('لیست '!T20<>"",'لیست '!T20,"") | BL30: =IF('لیست '!AO20<>"",'لیست '!AO20,"") | BM30: =IF(BL30<>"",SUM(BK30:BL30),"") | BO30: =IF('لیست '!T21<>"",'لیست '!T21,"") | BP30: =IF('لیست '!AO21<>"",'لیست '!AO21,"") | BQ30: =IF(BP30<>"",SUM(BO30:BP30),"") | BS30: =IF('لیست '!T22<>"",'لیست '!T22,"") | BT30: =IF('لیست '!AO22<>"",'لیست '!AO22,"") | BU30: =IF(BT30<>"",SUM(BS30:BT30),"") | BW30: =IF('لیست '!T23<>"",'لیست '!T23,"") | BX30: =IF('لیست '!AO23<>"",'لیست '!AO23,"") | BY30: =IF(BX30<>"",SUM(BW30:BX30),"") | CA30: =IF('لیست '!T24<>"",'لیست '!T24,"") | CB30: =IF('لیست '!AO24<>"",'لیست '!AO24,"") | CC30: =IF(CB30<>"",SUM(CA30:CB30),"") | CE30: =IF('لیست '!T25<>"",'لیست '!T25,"") | CF30: =IF('لیست '!AO25<>"",'لیست '!AO25,"") | CG30: =IF(CF30<>"",SUM(CE30:CF30),"") | CI30: =IF('لیست '!T26<>"",'لیست '!T26,"") | CJ30: =IF('لیست '!AO26<>"",'لیست '!AO26,"") | CK30: =IF(CJ30<>"",SUM(CI30:CJ30),"") | CM30: =IF('لیست '!T27<>"",'لیست '!T27,"") | CN30: =IF('لیست '!AO27<>"",'لیست '!AO27,"") | CO30: =IF(CN30<>"",SUM(CM30:CN30),"") | CQ30: =IF('لیست '!T28<>"",'لیست '!T28,"") | CR30: =IF('لیست '!AO28<>"",'لیست '!AO28,"") | CS30: =IF(CR30<>"",SUM(CQ30:CR30),"") | CU30: =IF('لیست '!T29<>"",'لیست '!T29,"") | CV30: =IF('لیست '!AO29<>"",'لیست '!AO29,"") | CW30: =IF(CV30<>"",SUM(CU30:CV30),"") | CY30: =IF('لیست '!T30<>"",'لیست '!T30,"") | CZ30: =IF('لیست '!AO30<>"",'لیست '!AO30,"") | DA30: =IF(CZ30<>"",SUM(CY30:CZ30),"") | DC30: =IF('لیست '!T31<>"",'لیست '!T31,"") | DD30: =IF('لیست '!AO31<>"",'لیست '!AO31,"") | DE30: =IF(DD30<>"",SUM(DC30:DD30),"") | DG30: =IF('لیست '!T32<>"",'لیست '!T32,"") | DH30: =IF('لیست '!AO32<>"",'لیست '!AO32,"") | DI30: =IF(DH30<>"",SUM(DG30:DH30),"") | DK30: =IF('لیست '!T33<>"",'لیست '!T33,"") | DL30: =IF('لیست '!AO33<>"",'لیست '!AO33,"") | DM30: =IF(DL30<>"",SUM(DK30:DL30),"") | DO30: =IF('لیست '!T34<>"",'لیست '!T34,"") | DP30: =IF('لیست '!AO34<>"",'لیست '!AO34,"") | DQ30: =IF(DP30<>"",SUM(DO30:DP30),"") | DS30: =IF('لیست '!T35<>"",'لیست '!T35,"") | DT30: =IF('لیست '!AO35<>"",'لیست '!AO35,"") | DU30: =IF(DT30<>"",SUM(DS30:DT30),"") | DW30: =IF('لیست '!T36<>"",'لیست '!T36,"") | DX30: =IF('لیست '!AO36<>"",'لیست '!AO36,"") | DY30: =IF(DX30<>"",SUM(DW30:DX30),"") | EA30: =IF('لیست '!T37<>"",'لیست '!T37,"") | EB30: =IF('لیست '!AO37<>"",'لیست '!AO37,"") | EC30: =IF(EB30<>"",SUM(EA30:EB30),"") | EE30: =IF('لیست '!T38<>"",'لیست '!T38,"") | EF30: =IF('لیست '!AO38<>"",'لیست '!AO38,"") | EG30: =IF(EF30<>"",SUM(EE30:EF30),"") | EI30: =IF('لیست '!T39<>"",'لیست '!T39,"") | EJ30: =IF('لیست '!AO39<>"",'لیست '!AO39,"") | EK30: =IF(EJ30<>"",SUM(EI30:EJ30),"") | EM30: =IF('لیست '!T40<>"",'لیست '!T40,"") | EN30: =IF('لیست '!AO40<>"",'لیست '!AO40,"") | EO30: =IF(EN30<>"",SUM(EM30:EN30),"") | EQ30: =IF('لیست '!T41<>"",'لیست '!T41,"") | ER30: =IF('لیست '!AO41<>"",'لیست '!AO41,"") | ES30: =IF(ER30<>"",SUM(EQ30:ER30),"") | EU30: =IF('لیست '!T42<>"",'لیست '!T42,"") | EV30: =IF('لیست '!AO42<>"",'لیست '!AO42,"") | EW30: =IF(EV30<>"",SUM(EU30:EV30),"") | EY30: =IF('لیست '!T43<>"",'لیست '!T43,"") | EZ30: =IF('لیست '!AO43<>"",'لیست '!AO43,"") | FA30: =IF(EZ30<>"",SUM(EY30:EZ30),"") | FC30: =IF('لیست '!T44<>"",'لیست '!T44,"") | FD30: =IF('لیست '!AO44<>"",'لیست '!AO44,"") | FE30: =IF(FD30<>"",SUM(FC30:FD30),"") | FG30: =IF('لیست '!T45<>"",'لیست '!T45,"") | FH30: =IF('لیست '!AO45<>"",'لیست '!AO45,"") | FI30: =IF(FH30<>"",SUM(FG30:FH30),"") | FK30: =IF('لیست '!T46<>"",'لیست '!T46,"") | FL30: =IF('لیست '!AO46<>"",'لیست '!AO46,"") | FM30: =IF(FL30<>"",SUM(FK30:FL30),"") | FO30: =IF('لیست '!T47<>"",'لیست '!T47,"") | FP30: =IF('لیست '!AO47<>"",'لیست '!AO47,"") | FQ30: =IF(FP30<>"",SUM(FO30:FP30),"") | FS30: =IF('لیست '!T48<>"",'لیست '!T48,"") | FT30: =IF('لیست '!AO48<>"",'لیست '!AO48,"") | FU30: =IF(FT30<>"",SUM(FS30:FT30),"") | FW30: =IF('لیست '!T49<>"",'لیست '!T49,"") | FX30: =IF('لیست '!AO49<>"",'لیست '!AO49,"") | FY30: =IF(FX30<>"",SUM(FW30:FX30),"") | GA30: =IF('لیست '!T50<>"",'لیست '!T50,"") | GB30: =IF('لیست '!AO50<>"",'لیست '!AO50,"") | GC30: =IF(GB30<>"",SUM(GA30:GB30),"") | GE30: =IF('لیست '!T51<>"",'لیست '!T51,"") | GF30: =IF('لیست '!AO51<>"",'لیست '!AO51,"") | GG30: =IF(GF30<>"",SUM(GE30:GF30),"") | GI30: =IF('لیست '!T52<>"",'لیست '!T52,"") | GJ30: =IF('لیست '!AO52<>"",'لیست '!AO52,"") | GK30: =IF(GJ30<>"",SUM(GI30:GJ30),"") | GM30: =IF('لیست '!T53<>"",'لیست '!T53,"") | GN30: =IF('لیست '!AO53<>"",'لیست '!AO53,"") | GO30: =IF(GN30<>"",SUM(GM30:GN30),"") | GQ30: =IF('لیست '!T54<>"",'لیست '!T54,"") | GR30: =IF('لیست '!AO54<>"",'لیست '!AO54,"") | GS30: =IF(GR30<>"",SUM(GQ30:GR30),"") | GU30: =IF('لیست '!T55<>"",'لیست '!T55,"") | GV30: =IF('لیست '!AO55<>"",'لیست '!AO55,"") | GW30: =IF(GV30<>"",SUM(GU30:GV30),"") | GY30: =IF('لیست '!T56<>"",'لیست '!T56,"") | GZ30: =IF('لیست '!AO56<>"",'لیست '!AO56,"") | HA30: =IF(GZ30<>"",SUM(GY30:GZ30),"") | HC30: =IF('لیست '!T57<>"",'لیست '!T57,"") | HD30: =IF('لیست '!AO57<>"",'لیست '!AO57,"") | HE30: =IF(HD30<>"",SUM(HC30:HD30),"") | HG30: =IF('لیست '!T58<>"",'لیست '!T58,"") | HH30: =IF('لیست '!AO58<>"",'لیست '!AO58,"") | HI30: =IF(HH30<>"",SUM(HG30:HH30),"") | HK30: =IF('لیست '!T59<>"",'لیست '!T59,"") | HL30: =IF('لیست '!AO59<>"",'لیست '!AO59,"") | HM30: =IF(HL30<>"",SUM(HK30:HL30),"") | HO30: =IF('لیست '!T60<>"",'لیست '!T60,"") | HP30: =IF('لیست '!AO60<>"",'لیست '!AO60,"") | HQ30: =IF(HP30<>"",SUM(HO30:HP30),"") | HS30: =IF('لیست '!T61<>"",'لیست '!T61,"") | HT30: =IF('لیست '!AO61<>"",'لیست '!AO61,"") | HU30: =IF(HT30<>"",SUM(HS30:HT30),"") | HW30: =IF('لیست '!T62<>"",'لیست '!T62,"") | HX30: =IF('لیست '!AO62<>"",'لیست '!AO62,"") | HY30: =IF(HX30<>"",SUM(HW30:HX30),"") | IA30: =IF('لیست '!T63<>"",'لیست '!T63,"") | IB30: =IF('لیست '!AO63<>"",'لیست '!AO63,"") | IC30: =IF(IB30<>"",SUM(IA30:IB30),"") | IE30: =IF('لیست '!T64<>"",'لیست '!T64,"") | IF30: =IF('لیست '!AO64<>"",'لیست '!AO64,"") | IG30: =IF(IF30<>"",SUM(IE30:IF30),"") | II30: =IF('لیست '!T65<>"",'لیست '!T65,"") | IJ30: =IF('لیست '!AO65<>"",'لیست '!AO65,"") | IK30: =IF(IJ30<>"",SUM(II30:IJ30),"") | IM30: =IF('لیست '!T66<>"",'لیست '!T66,"") | IN30: =IF('لیست '!AO66<>"",'لیست '!AO66,"") | IO30: =IF(IN30<>"",SUM(IM30:IN30),"") | IQ30: =IF('لیست '!T67<>"",'لیست '!T67,"") | IR30: =IF('لیست '!AO67<>"",'لیست '!AO67,"") | IS30: =IF(IR30<>"",SUM(IQ30:IR30),"") | IU30: =IF('لیست '!T68<>"",'لیست '!T68,"") | IV30: =IF('لیست '!AO68<>"",'لیست '!AO68,"") | IW30: =IF(IV30<>"",SUM(IU30:IV30),"") | IY30: =IF('لیست '!T69<>"",'لیست '!T69,"") | IZ30: =IF('لیست '!AO69<>"",'لیست '!AO69,"") | JA30: =IF(IZ30<>"",SUM(IY30:IZ30),"") | JC30: =IF('لیست '!T70<>"",'لیست '!T70,"") | JD30: =IF('لیست '!AO70<>"",'لیست '!AO70,"") | JE30: =IF(JD30<>"",SUM(JC30:JD30),"") | JG30: =IF('لیست '!T71<>"",'لیست '!T71,"") | JH30: =IF('لیست '!AO71<>"",'لیست '!AO71,"") | JI30: =IF(JH30<>"",SUM(JG30:JH30),"") | JK30: =IF('لیست '!T72<>"",'لیست '!T72,"") | JL30: =IF('لیست '!AO72<>"",'لیست '!AO72,"") | JM30: =IF(JL30<>"",SUM(JK30:JL30),"") | JO30: =IF('لیست '!T73<>"",'لیست '!T73,"") | JP30: =IF('لیست '!AO73<>"",'لیست '!AO73,"") | JQ30: =IF(JP30<>"",SUM(JO30:JP30),"") | JS30: =IF('لیست '!T74<>"",'لیست '!T74,"") | JT30: =IF('لیست '!AO74<>"",'لیست '!AO74,"") | JU30: =IF(JT30<>"",SUM(JS30:JT30),"") | JW30: =IF('لیست '!T75<>"",'لیست '!T75,"") | JX30: =IF('لیست '!AO75<>"",'لیست '!AO75,"") | JY30: =IF(JX30<>"",SUM(JW30:JX30),"") | KA30: =IF('لیست '!T76<>"",'لیست '!T76,"") | KB30: =IF('لیست '!AO76<>"",'لیست '!AO76,"") | KC30: =IF(KB30<>"",SUM(KA30:KB30),"") | KE30: =IF('لیست '!T77<>"",'لیست '!T77,"") | KF30: =IF('لیست '!AO77<>"",'لیست '!AO77,"") | KG30: =IF(KF30<>"",SUM(KE30:KF30),"") | KI30: =IF('لیست '!T78<>"",'لیست '!T78,"") | KJ30: =IF('لیست '!AO78<>"",'لیست '!AO78,"") | KK30: =IF(KJ30<>"",SUM(KI30:KJ30),"") | KM30: =IF('لیست '!T79<>"",'لیست '!T79,"") | KN30: =IF('لیست '!AO79<>"",'لیست '!AO79,"") | KO30: =IF(KN30<>"",SUM(KM30:KN30),"") | KQ30: =IF('لیست '!T80<>"",'لیست '!T80,"") | KR30: =IF('لیست '!AO80<>"",'لیست '!AO80,"") | KS30: =IF(KR30<>"",SUM(KQ30:KR30),"") | KU30: =IF('لیست '!T81<>"",'لیست '!T81,"") | KV30: =IF('لیست '!AO81<>"",'لیست '!AO81,"") | KW30: =IF(KV30<>"",SUM(KU30:KV30),"") | KY30: =IF('لیست '!T82<>"",'لیست '!T82,"") | KZ30: =IF('لیست '!AO82<>"",'لیست '!AO82,"") | LA30: =IF(KZ30<>"",SUM(KY30:KZ30),"") | LC30: =IF('لیست '!T83<>"",'لیست '!T83,"") | LD30: =IF('لیست '!AO83<>"",'لیست '!AO83,"") | LE30: =IF(LD30<>"",SUM(LC30:LD30),"") | LG30: =IF('لیست '!T84<>"",'لیست '!T84,"") | LH30: =IF('لیست '!AO84<>"",'لیست '!AO84,"") | LI30: =IF(LH30<>"",SUM(LG30:LH30),"") | LK30: =IF('لیست '!T85<>"",'لیست '!T85,"") | LL30: =IF('لیست '!AO85<>"",'لیست '!AO85,"") | LM30: =IF(LL30<>"",SUM(LK30:LL30),"") | LO30: =IF('لیست '!T86<>"",'لیست '!T86,"") | LP30: =IF('لیست '!AO86<>"",'لیست '!AO86,"") | LQ30: =IF(LP30<>"",SUM(LO30:LP30),"") | LS30: =IF('لیست '!T87<>"",'لیست '!T87,"") | LT30: =IF('لیست '!AO87<>"",'لیست '!AO87,"") | LU30: =IF(LT30<>"",SUM(LS30:LT30),"") | LW30: =IF('لیست '!T88<>"",'لیست '!T88,"") | LX30: =IF('لیست '!AO88<>"",'لیست '!AO88,"") | LY30: =IF(LX30<>"",SUM(LW30:LX30),"") | MA30: =IF('لیست '!T89<>"",'لیست '!T89,"") | MB30: =IF('لیست '!AO89<>"",'لیست '!AO89,"") | MC30: =IF(MB30<>"",SUM(MA30:MB30),"") | ME30: =IF('لیست '!T90<>"",'لیست '!T90,"") | MF30: =IF('لیست '!AO90<>"",'لیست '!AO90,"") | MG30: =IF(MF30<>"",SUM(ME30:MF30),"") | MI30: =IF('لیست '!T91<>"",'لیست '!T91,"") | MJ30: =IF('لیست '!AO91<>"",'لیست '!AO91,"") | MK30: =IF(MJ30<>"",SUM(MI30:MJ30),"") | MM30: =IF('لیست '!T92<>"",'لیست '!T92,"") | MN30: =IF('لیست '!AO92<>"",'لیست '!AO92,"") | MO30: =IF(MN30<>"",SUM(MM30:MN30),"") | MQ30: =IF('لیست '!T93<>"",'لیست '!T93,"") | MR30: =IF('لیست '!AO93<>"",'لیست '!AO93,"") | MS30: =IF(MR30<>"",SUM(MQ30:MR30),"") | MU30: =IF('لیست '!T94<>"",'لیست '!T94,"") | MV30: =IF('لیست '!AO94<>"",'لیست '!AO94,"") | MW30: =IF(MV30<>"",SUM(MU30:MV30),"") | MY30: =IF('لیست '!T95<>"",'لیست '!T95,"") | MZ30: =IF('لیست '!AO95<>"",'لیست '!AO95,"") | NA30: =IF(MZ30<>"",SUM(MY30:MZ30),"") | NC30: =IF('لیست '!T96<>"",'لیست '!T96,"") | ND30: =IF('لیست '!AO96<>"",'لیست '!AO96,"") | NE30: =IF(ND30<>"",SUM(NC30:ND30),"") | NG30: =IF('لیست '!T97<>"",'لیست '!T97,"") | NH30: =IF('لیست '!AO97<>"",'لیست '!AO97,"") | NI30: =IF(NH30<>"",SUM(NG30:NH30),"") | NK30: =IF('لیست '!T98<>"",'لیست '!T98,"") | NL30: =IF('لیست '!AO98<>"",'لیست '!AO98,"") | NM30: =IF(NL30<>"",SUM(NK30:NL30),"") | NO30: =IF('لیست '!T99<>"",'لیست '!T99,"") | NP30: =IF('لیست '!AO99<>"",'لیست '!AO99,"") | NQ30: =IF(NP30<>"",SUM(NO30:NP30),"") | NS30: =IF('لیست '!T100<>"",'لیست '!T100,"") | NT30: =IF('لیست '!AO100<>"",'لیست '!AO100,"") | NU30: =IF(NT30<>"",SUM(NS30:NT30),"") | NW30: =IF('لیست '!T101<>"",'لیست '!T101,"") | NX30: =IF('لیست '!AO101<>"",'لیست '!AO101,"") | NY30: =IF(NX30<>"",SUM(NW30:NX30),"") | OA30: =IF('لیست '!T102<>"",'لیست '!T102,"") | OB30: =IF('لیست '!AO102<>"",'لیست '!AO102,"") | OC30: =IF(OB30<>"",SUM(OA30:OB30),"")
A31: ='لیست '!U3 -> مهارت زندگی | C31: =IF('لیست '!U5<>"",'لیست '!U5,"") | D31: =IF('لیست '!AP5<>"",'لیست '!AP5,"") | E31: =IF(D31<>"",SUM(C31:D31),"") | G31: =IF('لیست '!U6<>"",'لیست '!U6,"") | H31: =IF('لیست '!AP6<>"",'لیست '!AP6,"") | I31: =IF(H31<>"",SUM(G31:H31),"") | K31: =IF('لیست '!U7<>"",'لیست '!U7,"") | L31: =IF('لیست '!AP7<>"",'لیست '!AP7,"") | M31: =IF(L31<>"",SUM(K31:L31),"") | O31: =IF('لیست '!U8<>"",'لیست '!U8,"") | P31: =IF('لیست '!AP8<>"",'لیست '!AP8,"") | Q31: =IF(P31<>"",SUM(O31:P31),"") | S31: =IF('لیست '!U9<>"",'لیست '!U9,"") | T31: =IF('لیست '!AP9<>"",'لیست '!AP9,"") | U31: =IF(T31<>"",SUM(S31:T31),"") | W31: =IF('لیست '!U10<>"",'لیست '!U10,"") | X31: =IF('لیست '!AP10<>"",'لیست '!AP10,"") | Y31: =IF(X31<>"",SUM(W31:X31),"") | AA31: =IF('لیست '!U11<>"",'لیست '!U11,"") | AB31: =IF('لیست '!AP11<>"",'لیست '!AP11,"") | AC31: =IF(AB31<>"",SUM(AA31:AB31),"") | AE31: =IF('لیست '!U12<>"",'لیست '!U12,"") | AF31: =IF('لیست '!AP12<>"",'لیست '!AP12,"") | AG31: =IF(AF31<>"",SUM(AE31:AF31),"") | AI31: =IF('لیست '!U13<>"",'لیست '!U13,"") | AJ31: =IF('لیست '!AP13<>"",'لیست '!AP13,"") | AK31: =IF(AJ31<>"",SUM(AI31:AJ31),"") | AM31: =IF('لیست '!U14<>"",'لیست '!U14,"") | AN31: =IF('لیست '!AP14<>"",'لیست '!AP14,"") | AO31: =IF(AN31<>"",SUM(AM31:AN31),"") | AQ31: =IF('لیست '!U15<>"",'لیست '!U15,"") | AR31: =IF('لیست '!AP15<>"",'لیست '!AP15,"") | AS31: =IF(AR31<>"",SUM(AQ31:AR31),"") | AU31: =IF('لیست '!U16<>"",'لیست '!U16,"") | AV31: =IF('لیست '!AP16<>"",'لیست '!AP16,"") | AW31: =IF(AV31<>"",SUM(AU31:AV31),"") | AY31: =IF('لیست '!U17<>"",'لیست '!U17,"") | AZ31: =IF('لیست '!AP17<>"",'لیست '!AP17,"") | BA31: =IF(AZ31<>"",SUM(AY31:AZ31),"") | BC31: =IF('لیست '!U18<>"",'لیست '!U18,"") | BD31: =IF('لیست '!AP18<>"",'لیست '!AP18,"") | BE31: =IF(BD31<>"",SUM(BC31:BD31),"") | BG31: =IF('لیست '!U19<>"",'لیست '!U19,"") | BH31: =IF('لیست '!AP19<>"",'لیست '!AP19,"") | BI31: =IF(BH31<>"",SUM(BG31:BH31),"") | BK31: =IF('لیست '!U20<>"",'لیست '!U20,"") | BL31: =IF('لیست '!AP20<>"",'لیست '!AP20,"") | BM31: =IF(BL31<>"",SUM(BK31:BL31),"") | BO31: =IF('لیست '!U21<>"",'لیست '!U21,"") | BP31: =IF('لیست '!AP21<>"",'لیست '!AP21,"") | BQ31: =IF(BP31<>"",SUM(BO31:BP31),"") | BS31: =IF('لیست '!U22<>"",'لیست '!U22,"") | BT31: =IF('لیست '!AP22<>"",'لیست '!AP22,"") | BU31: =IF(BT31<>"",SUM(BS31:BT31),"") | BW31: =IF('لیست '!U23<>"",'لیست '!U23,"") | BX31: =IF('لیست '!AP23<>"",'لیست '!AP23,"") | BY31: =IF(BX31<>"",SUM(BW31:BX31),"") | CA31: =IF('لیست '!U24<>"",'لیست '!U24,"") | CB31: =IF('لیست '!AP24<>"",'لیست '!AP24,"") | CC31: =IF(CB31<>"",SUM(CA31:CB31),"") | CE31: =IF('لیست '!U25<>"",'لیست '!U25,"") | CF31: =IF('لیست '!AP25<>"",'لیست '!AP25,"") | CG31: =IF(CF31<>"",SUM(CE31:CF31),"") | CI31: =IF('لیست '!U26<>"",'لیست '!U26,"") | CJ31: =IF('لیست '!AP26<>"",'لیست '!AP26,"") | CK31: =IF(CJ31<>"",SUM(CI31:CJ31),"") | CM31: =IF('لیست '!U27<>"",'لیست '!U27,"") | CN31: =IF('لیست '!AP27<>"",'لیست '!AP27,"") | CO31: =IF(CN31<>"",SUM(CM31:CN31),"") | CQ31: =IF('لیست '!U28<>"",'لیست '!U28,"") | CR31: =IF('لیست '!AP28<>"",'لیست '!AP28,"") | CS31: =IF(CR31<>"",SUM(CQ31:CR31),"") | CU31: =IF('لیست '!U29<>"",'لیست '!U29,"") | CV31: =IF('لیست '!AP29<>"",'لیست '!AP29,"") | CW31: =IF(CV31<>"",SUM(CU31:CV31),"") | CY31: =IF('لیست '!U30<>"",'لیست '!U30,"") | CZ31: =IF('لیست '!AP30<>"",'لیست '!AP30,"") | DA31: =IF(CZ31<>"",SUM(CY31:CZ31),"") | DC31: =IF('لیست '!U31<>"",'لیست '!U31,"") | DD31: =IF('لیست '!AP31<>"",'لیست '!AP31,"") | DE31: =IF(DD31<>"",SUM(DC31:DD31),"") | DG31: =IF('لیست '!U32<>"",'لیست '!U32,"") | DH31: =IF('لیست '!AP32<>"",'لیست '!AP32,"") | DI31: =IF(DH31<>"",SUM(DG31:DH31),"") | DK31: =IF('لیست '!U33<>"",'لیست '!U33,"") | DL31: =IF('لیست '!AP33<>"",'لیست '!AP33,"") | DM31: =IF(DL31<>"",SUM(DK31:DL31),"") | DO31: =IF('لیست '!U34<>"",'لیست '!U34,"") | DP31: =IF('لیست '!AP34<>"",'لیست '!AP34,"") | DQ31: =IF(DP31<>"",SUM(DO31:DP31),"") | DS31: =IF('لیست '!U35<>"",'لیست '!U35,"") | DT31: =IF('لیست '!AP35<>"",'لیست '!AP35,"") | DU31: =IF(DT31<>"",SUM(DS31:DT31),"") | DW31: =IF('لیست '!U36<>"",'لیست '!U36,"") | DX31: =IF('لیست '!AP36<>"",'لیست '!AP36,"") | DY31: =IF(DX31<>"",SUM(DW31:DX31),"") | EA31: =IF('لیست '!U37<>"",'لیست '!U37,"") | EB31: =IF('لیست '!AP37<>"",'لیست '!AP37,"") | EC31: =IF(EB31<>"",SUM(EA31:EB31),"") | EE31: =IF('لیست '!U38<>"",'لیست '!U38,"") | EF31: =IF('لیست '!AP38<>"",'لیست '!AP38,"") | EG31: =IF(EF31<>"",SUM(EE31:EF31),"") | EI31: =IF('لیست '!U39<>"",'لیست '!U39,"") | EJ31: =IF('لیست '!AP39<>"",'لیست '!AP39,"") | EK31: =IF(EJ31<>"",SUM(EI31:EJ31),"") | EM31: =IF('لیست '!U40<>"",'لیست '!U40,"") | EN31: =IF('لیست '!AP40<>"",'لیست '!AP40,"") | EO31: =IF(EN31<>"",SUM(EM31:EN31),"") | EQ31: =IF('لیست '!U41<>"",'لیست '!U41,"") | ER31: =IF('لیست '!AP41<>"",'لیست '!AP41,"") | ES31: =IF(ER31<>"",SUM(EQ31:ER31),"") | EU31: =IF('لیست '!U42<>"",'لیست '!U42,"") | EV31: =IF('لیست '!AP42<>"",'لیست '!AP42,"") | EW31: =IF(EV31<>"",SUM(EU31:EV31),"") | EY31: =IF('لیست '!U43<>"",'لیست '!U43,"") | EZ31: =IF('لیست '!AP43<>"",'لیست '!AP43,"") | FA31: =IF(EZ31<>"",SUM(EY31:EZ31),"") | FC31: =IF('لیست '!U44<>"",'لیست '!U44,"") | FD31: =IF('لیست '!AP44<>"",'لیست '!AP44,"") | FE31: =IF(FD31<>"",SUM(FC31:FD31),"") | FG31: =IF('لیست '!U45<>"",'لیست '!U45,"") | FH31: =IF('لیست '!AP45<>"",'لیست '!AP45,"") | FI31: =IF(FH31<>"",SUM(FG31:FH31),"") | FK31: =IF('لیست '!U46<>"",'لیست '!U46,"") | FL31: =IF('لیست '!AP46<>"",'لیست '!AP46,"") | FM31: =IF(FL31<>"",SUM(FK31:FL31),"") | FO31: =IF('لیست '!U47<>"",'لیست '!U47,"") | FP31: =IF('لیست '!AP47<>"",'لیست '!AP47,"") | FQ31: =IF(FP31<>"",SUM(FO31:FP31),"") | FS31: =IF('لیست '!U48<>"",'لیست '!U48,"") | FT31: =IF('لیست '!AP48<>"",'لیست '!AP48,"") | FU31: =IF(FT31<>"",SUM(FS31:FT31),"") | FW31: =IF('لیست '!U49<>"",'لیست '!U49,"") | FX31: =IF('لیست '!AP49<>"",'لیست '!AP49,"") | FY31: =IF(FX31<>"",SUM(FW31:FX31),"") | GA31: =IF('لیست '!U50<>"",'لیست '!U50,"") | GB31: =IF('لیست '!AP50<>"",'لیست '!AP50,"") | GC31: =IF(GB31<>"",SUM(GA31:GB31),"") | GE31: =IF('لیست '!U51<>"",'لیست '!U51,"") | GF31: =IF('لیست '!AP51<>"",'لیست '!AP51,"") | GG31: =IF(GF31<>"",SUM(GE31:GF31),"") | GI31: =IF('لیست '!U52<>"",'لیست '!U52,"") | GJ31: =IF('لیست '!AP52<>"",'لیست '!AP52,"") | GK31: =IF(GJ31<>"",SUM(GI31:GJ31),"") | GM31: =IF('لیست '!U53<>"",'لیست '!U53,"") | GN31: =IF('لیست '!AP53<>"",'لیست '!AP53,"") | GO31: =IF(GN31<>"",SUM(GM31:GN31),"") | GQ31: =IF('لیست '!U54<>"",'لیست '!U54,"") | GR31: =IF('لیست '!AP54<>"",'لیست '!AP54,"") | GS31: =IF(GR31<>"",SUM(GQ31:GR31),"") | GU31: =IF('لیست '!U55<>"",'لیست '!U55,"") | GV31: =IF('لیست '!AP55<>"",'لیست '!AP55,"") | GW31: =IF(GV31<>"",SUM(GU31:GV31),"") | GY31: =IF('لیست '!U56<>"",'لیست '!U56,"") | GZ31: =IF('لیست '!AP56<>"",'لیست '!AP56,"") | HA31: =IF(GZ31<>"",SUM(GY31:GZ31),"") | HC31: =IF('لیست '!U57<>"",'لیست '!U57,"") | HD31: =IF('لیست '!AP57<>"",'لیست '!AP57,"") | HE31: =IF(HD31<>"",SUM(HC31:HD31),"") | HG31: =IF('لیست '!U58<>"",'لیست '!U58,"") | HH31: =IF('لیست '!AP58<>"",'لیست '!AP58,"") | HI31: =IF(HH31<>"",SUM(HG31:HH31),"") | HK31: =IF('لیست '!U59<>"",'لیست '!U59,"") | HL31: =IF('لیست '!AP59<>"",'لیست '!AP59,"") | HM31: =IF(HL31<>"",SUM(HK31:HL31),"") | HO31: =IF('لیست '!U60<>"",'لیست '!U60,"") | HP31: =IF('لیست '!AP60<>"",'لیست '!AP60,"") | HQ31: =IF(HP31<>"",SUM(HO31:HP31),"") | HS31: =IF('لیست '!U61<>"",'لیست '!U61,"") | HT31: =IF('لیست '!AP61<>"",'لیست '!AP61,"") | HU31: =IF(HT31<>"",SUM(HS31:HT31),"") | HW31: =IF('لیست '!U62<>"",'لیست '!U62,"") | HX31: =IF('لیست '!AP62<>"",'لیست '!AP62,"") | HY31: =IF(HX31<>"",SUM(HW31:HX31),"") | IA31: =IF('لیست '!U63<>"",'لیست '!U63,"") | IB31: =IF('لیست '!AP63<>"",'لیست '!AP63,"") | IC31: =IF(IB31<>"",SUM(IA31:IB31),"") | IE31: =IF('لیست '!U64<>"",'لیست '!U64,"") | IF31: =IF('لیست '!AP64<>"",'لیست '!AP64,"") | IG31: =IF(IF31<>"",SUM(IE31:IF31),"") | II31: =IF('لیست '!U65<>"",'لیست '!U65,"") | IJ31: =IF('لیست '!AP65<>"",'لیست '!AP65,"") | IK31: =IF(IJ31<>"",SUM(II31:IJ31),"") | IM31: =IF('لیست '!U66<>"",'لیست '!U66,"") | IN31: =IF('لیست '!AP66<>"",'لیست '!AP66,"") | IO31: =IF(IN31<>"",SUM(IM31:IN31),"") | IQ31: =IF('لیست '!U67<>"",'لیست '!U67,"") | IR31: =IF('لیست '!AP67<>"",'لیست '!AP67,"") | IS31: =IF(IR31<>"",SUM(IQ31:IR31),"") | IU31: =IF('لیست '!U68<>"",'لیست '!U68,"") | IV31: =IF('لیست '!AP68<>"",'لیست '!AP68,"") | IW31: =IF(IV31<>"",SUM(IU31:IV31),"") | IY31: =IF('لیست '!U69<>"",'لیست '!U69,"") | IZ31: =IF('لیست '!AP69<>"",'لیست '!AP69,"") | JA31: =IF(IZ31<>"",SUM(IY31:IZ31),"") | JC31: =IF('لیست '!U70<>"",'لیست '!U70,"") | JD31: =IF('لیست '!AP70<>"",'لیست '!AP70,"") | JE31: =IF(JD31<>"",SUM(JC31:JD31),"") | JG31: =IF('لیست '!U71<>"",'لیست '!U71,"") | JH31: =IF('لیست '!AP71<>"",'لیست '!AP71,"") | JI31: =IF(JH31<>"",SUM(JG31:JH31),"") | JK31: =IF('لیست '!U72<>"",'لیست '!U72,"") | JL31: =IF('لیست '!AP72<>"",'لیست '!AP72,"") | JM31: =IF(JL31<>"",SUM(JK31:JL31),"") | JO31: =IF('لیست '!U73<>"",'لیست '!U73,"") | JP31: =IF('لیست '!AP73<>"",'لیست '!AP73,"") | JQ31: =IF(JP31<>"",SUM(JO31:JP31),"") | JS31: =IF('لیست '!U74<>"",'لیست '!U74,"") | JT31: =IF('لیست '!AP74<>"",'لیست '!AP74,"") | JU31: =IF(JT31<>"",SUM(JS31:JT31),"") | JW31: =IF('لیست '!U75<>"",'لیست '!U75,"") | JX31: =IF('لیست '!AP75<>"",'لیست '!AP75,"") | JY31: =IF(JX31<>"",SUM(JW31:JX31),"") | KA31: =IF('لیست '!U76<>"",'لیست '!U76,"") | KB31: =IF('لیست '!AP76<>"",'لیست '!AP76,"") | KC31: =IF(KB31<>"",SUM(KA31:KB31),"") | KE31: =IF('لیست '!U77<>"",'لیست '!U77,"") | KF31: =IF('لیست '!AP77<>"",'لیست '!AP77,"") | KG31: =IF(KF31<>"",SUM(KE31:KF31),"") | KI31: =IF('لیست '!U78<>"",'لیست '!U78,"") | KJ31: =IF('لیست '!AP78<>"",'لیست '!AP78,"") | KK31: =IF(KJ31<>"",SUM(KI31:KJ31),"") | KM31: =IF('لیست '!U79<>"",'لیست '!U79,"") | KN31: =IF('لیست '!AP79<>"",'لیست '!AP79,"") | KO31: =IF(KN31<>"",SUM(KM31:KN31),"") | KQ31: =IF('لیست '!U80<>"",'لیست '!U80,"") | KR31: =IF('لیست '!AP80<>"",'لیست '!AP80,"") | KS31: =IF(KR31<>"",SUM(KQ31:KR31),"") | KU31: =IF('لیست '!U81<>"",'لیست '!U81,"") | KV31: =IF('لیست '!AP81<>"",'لیست '!AP81,"") | KW31: =IF(KV31<>"",SUM(KU31:KV31),"") | KY31: =IF('لیست '!U82<>"",'لیست '!U82,"") | KZ31: =IF('لیست '!AP82<>"",'لیست '!AP82,"") | LA31: =IF(KZ31<>"",SUM(KY31:KZ31),"") | LC31: =IF('لیست '!U83<>"",'لیست '!U83,"") | LD31: =IF('لیست '!AP83<>"",'لیست '!AP83,"") | LE31: =IF(LD31<>"",SUM(LC31:LD31),"") | LG31: =IF('لیست '!U84<>"",'لیست '!U84,"") | LH31: =IF('لیست '!AP84<>"",'لیست '!AP84,"") | LI31: =IF(LH31<>"",SUM(LG31:LH31),"") | LK31: =IF('لیست '!U85<>"",'لیست '!U85,"") | LL31: =IF('لیست '!AP85<>"",'لیست '!AP85,"") | LM31: =IF(LL31<>"",SUM(LK31:LL31),"") | LO31: =IF('لیست '!U86<>"",'لیست '!U86,"") | LP31: =IF('لیست '!AP86<>"",'لیست '!AP86,"") | LQ31: =IF(LP31<>"",SUM(LO31:LP31),"") | LS31: =IF('لیست '!U87<>"",'لیست '!U87,"") | LT31: =IF('لیست '!AP87<>"",'لیست '!AP87,"") | LU31: =IF(LT31<>"",SUM(LS31:LT31),"") | LW31: =IF('لیست '!U88<>"",'لیست '!U88,"") | LX31: =IF('لیست '!AP88<>"",'لیست '!AP88,"") | LY31: =IF(LX31<>"",SUM(LW31:LX31),"") | MA31: =IF('لیست '!U89<>"",'لیست '!U89,"") | MB31: =IF('لیست '!AP89<>"",'لیست '!AP89,"") | MC31: =IF(MB31<>"",SUM(MA31:MB31),"") | ME31: =IF('لیست '!U90<>"",'لیست '!U90,"") | MF31: =IF('لیست '!AP90<>"",'لیست '!AP90,"") | MG31: =IF(MF31<>"",SUM(ME31:MF31),"") | MI31: =IF('لیست '!U91<>"",'لیست '!U91,"") | MJ31: =IF('لیست '!AP91<>"",'لیست '!AP91,"") | MK31: =IF(MJ31<>"",SUM(MI31:MJ31),"") | MM31: =IF('لیست '!U92<>"",'لیست '!U92,"") | MN31: =IF('لیست '!AP92<>"",'لیست '!AP92,"") | MO31: =IF(MN31<>"",SUM(MM31:MN31),"") | MQ31: =IF('لیست '!U93<>"",'لیست '!U93,"") | MR31: =IF('لیست '!AP93<>"",'لیست '!AP93,"") | MS31: =IF(MR31<>"",SUM(MQ31:MR31),"") | MU31: =IF('لیست '!U94<>"",'لیست '!U94,"") | MV31: =IF('لیست '!AP94<>"",'لیست '!AP94,"") | MW31: =IF(MV31<>"",SUM(MU31:MV31),"") | MY31: =IF('لیست '!U95<>"",'لیست '!U95,"") | MZ31: =IF('لیست '!AP95<>"",'لیست '!AP95,"") | NA31: =IF(MZ31<>"",SUM(MY31:MZ31),"") | NC31: =IF('لیست '!U96<>"",'لیست '!U96,"") | ND31: =IF('لیست '!AP96<>"",'لیست '!AP96,"") | NE31: =IF(ND31<>"",SUM(NC31:ND31),"") | NG31: =IF('لیست '!U97<>"",'لیست '!U97,"") | NH31: =IF('لیست '!AP97<>"",'لیست '!AP97,"") | NI31: =IF(NH31<>"",SUM(NG31:NH31),"") | NK31: =IF('لیست '!U98<>"",'لیست '!U98,"") | NL31: =IF('لیست '!AP98<>"",'لیست '!AP98,"") | NM31: =IF(NL31<>"",SUM(NK31:NL31),"") | NO31: =IF('لیست '!U99<>"",'لیست '!U99,"") | NP31: =IF('لیست '!AP99<>"",'لیست '!AP99,"") | NQ31: =IF(NP31<>"",SUM(NO31:NP31),"") | NS31: =IF('لیست '!U100<>"",'لیست '!U100,"") | NT31: =IF('لیست '!AP100<>"",'لیست '!AP100,"") | NU31: =IF(NT31<>"",SUM(NS31:NT31),"") | NW31: =IF('لیست '!U101<>"",'لیست '!U101,"") | NX31: =IF('لیست '!AP101<>"",'لیست '!AP101,"") | NY31: =IF(NX31<>"",SUM(NW31:NX31),"") | OA31: =IF('لیست '!U102<>"",'لیست '!U102,"") | OB31: =IF('لیست '!AP102<>"",'لیست '!AP102,"") | OC31: =IF(OB31<>"",SUM(OA31:OB31),"")
